Date,Adj Close,Returns
1/3/2014,6211.149902,-0.001608713
1/6/2014,6191.450195,-0.003176709
1/7/2014,6162.25,-0.004727369
1/8/2014,6174.600098,0.002002148
1/9/2014,6168.350098,-0.001012724
1/10/2014,6171.450195,0.000502455
1/13/2014,6272.75,0.016281005
1/14/2014,6241.850098,-0.004938226
1/15/2014,6320.899902,0.012584959
1/16/2014,6318.899902,-0.000316461
1/17/2014,6261.649902,-0.009101414
1/20/2014,6303.950195,0.006732739
1/21/2014,6313.799805,0.001561231
1/22/2014,6338.950195,0.003975487
1/23/2014,6345.649902,0.001056353
1/24/2014,6266.75,-0.012511644
1/27/2014,6135.850098,-0.021109245
1/28/2014,6126.25,-0.001565817
1/29/2014,6120.25,-0.000979872
1/30/2014,6073.700195,-0.007634939
1/31/2014,6089.5,0.00259797
2/3/2014,6001.799805,-0.014506585
2/4/2014,6000.899902,-0.00014995
2/5/2014,6022.399902,0.003576393
2/6/2014,6036.299805,0.002305374
2/7/2014,6063.200195,0.004446537
2/10/2014,6053.450195,-0.001609356
2/11/2014,6062.700195,0.001526888
2/12/2014,6084,0.003507097
2/13/2014,6001.100098,-0.013719572
2/14/2014,6048.350098,0.007842722
2/17/2014,6073.299805,0.004116559
2/18/2014,6127.100098,0.008819488
2/19/2014,6152.75,0.004177566
2/20/2014,6091.450195,-0.010012956
2/21/2014,6155.450195,0.010451719
2/24/2014,6186.100098,0.004966956
2/25/2014,6200.049805,0.00225247
2/26/2014,6238.799805,0.0062305
2/28/2014,6276.950195,0.0060964
3/3/2014,6221.450195,-0.008881195
3/4/2014,6297.950195,0.012221185
3/5/2014,6328.649902,0.004862713
3/6/2014,6401.149902,0.011390719
3/7/2014,6526.649902,0.019416133
3/10/2014,6537.25,0.001622808
3/11/2014,6511.899902,-0.00388533
3/12/2014,6516.899902,0.00076753
3/13/2014,6493.100098,-0.003658698
3/14/2014,6504.200195,0.001708062
3/18/2014,6516.649902,0.001912273
3/19/2014,6524.049805,0.001134894
3/20/2014,6483.100098,-0.006296513
3/21/2014,6493.200195,0.001556699
3/25/2014,6589.75,0.000948893
3/26/2014,6601.399902,0.001766321
3/27/2014,6641.75,0.00609375
3/28/2014,6695.899902,0.008119901
3/31/2014,6704.200195,0.001238841
4/1/2014,6721.049805,0.002510139
4/2/2014,6752.549805,0.004675819
4/3/2014,6736.100098,-0.002439045
4/4/2014,6694.350098,-0.006217235
4/7/2014,6695.049805,0.000104517
4/9/2014,6796.200195,0.014995243
4/10/2014,6796.399902,2.93847E-05
4/11/2014,6776.299805,-0.002961844
4/15/2014,6733.100098,-0.006395525
4/16/2014,6675.299805,-0.008621558
4/17/2014,6779.399902,0.01547447
4/21/2014,6817.649902,0.005626235
4/22/2014,6815.350098,-0.000337388
4/23/2014,6840.799805,0.00372722
4/28/2014,6761.25,-0.00317484
4/29/2014,6715.25,-0.006826725
4/30/2014,6696.399902,-0.002811005
5/2/2014,6694.799805,-0.000238977
5/5/2014,6699.350098,0.000679445
5/6/2014,6715.299805,0.002377955
5/7/2014,6652.549805,-0.009388266
5/8/2014,6659.850098,0.001096766
5/9/2014,6858.799805,0.029435494
5/12/2014,7014.25,0.022411323
5/13/2014,7108.75,0.013382626
5/14/2014,7108.75,0
5/15/2014,7123.149902,0.00202361
5/16/2014,7203,0.011147576
5/19/2014,7263.549805,0.008371057
5/20/2014,7275.5,0.001643876
5/21/2014,7252.899902,-0.003111164
5/22/2014,7276.399902,0.003234846
5/23/2014,7367.100098,0.012387934
5/26/2014,7359.049805,-0.001093333
5/27/2014,7318,-0.005593755
5/28/2014,7329.649902,0.001590686
5/29/2014,7235.649902,-0.012907569
5/30/2014,7229.950195,-0.000788036
6/2/2014,7362.5,0.018167401
6/3/2014,7415.850098,0.007220066
6/4/2014,7402.25,-0.001835607
6/5/2014,7474.100098,0.009659716
6/6/2014,7583.399902,0.014517911
6/9/2014,7654.600098,0.009345152
6/10/2014,7656.399902,0.000235099
6/11/2014,7626.850098,-0.003866958
6/12/2014,7649.899902,0.003017634
6/13/2014,7542.100098,-0.014191892
6/16/2014,7533.549805,-0.001134318
6/17/2014,7631.700195,0.012944298
6/18/2014,7558.200195,-0.009677558
6/19/2014,7540.700195,-0.002318051
6/20/2014,7511.450195,-0.003886493
6/23/2014,7493.350098,-0.002412575
6/24/2014,7580.200195,0.011523637
6/25/2014,7569.25,-0.001445623
6/26/2014,7493.200195,-0.010098019
6/27/2014,7508.799805,0.002079671
6/30/2014,7611.350098,0.013564927
7/1/2014,7634.700195,0.003063104
7/2/2014,7725.149902,0.011777557
7/3/2014,7714.799805,-0.001340691
7/4/2014,7751.600098,0.00475875
7/7/2014,7787.149902,0.00457564
7/8/2014,7623.200195,-0.021278672
7/9/2014,7585,-0.005023642
7/10/2014,7567.75,-0.002276815
7/11/2014,7459.600098,-0.014393991
7/14/2014,7454.149902,-0.000730895
7/15/2014,7526.649902,0.009679132
7/16/2014,7624.399902,0.012903575
7/17/2014,7640.450195,0.002102909
7/18/2014,7663.899902,0.003064452
7/21/2014,7684.200195,0.002645318
7/22/2014,7767.850098,0.010827135
7/23/2014,7795.75,0.00358528
7/24/2014,7830.600098,0.004460435
7/25/2014,7790.450195,-0.005140498
7/28/2014,7748.700195,-0.005373537
7/30/2014,7791.399902,0.005495436
7/31/2014,7721.299805,-0.00903783
8/1/2014,7602.600098,-0.015492411
8/4/2014,7683.649902,0.010604375
8/5/2014,7746.549805,0.008152876
8/6/2014,7672.049805,-0.009663728
8/7/2014,7649.25,-0.002976226
8/8/2014,7568.549805,-0.010606126
8/11/2014,7625.950195,0.007555453
8/12/2014,7727.049805,0.013170204
8/13/2014,7739.549805,0.001616387
8/14/2014,7791.700195,0.006715568
8/18/2014,7874.25,0.010538852
8/19/2014,7897.5,0.002948312
8/20/2014,7875.299805,-0.002814999
8/21/2014,7891.100098,0.0020043
8/22/2014,7913.200195,0.002796721
8/25/2014,7906.299805,-0.00087239
8/26/2014,7904.75,-0.000196041
8/27/2014,7936.049805,0.003951801
8/28/2014,7954.350098,0.002303315
9/1/2014,8027.700195,0.009179124
9/2/2014,8083.049805,0.006871167
9/3/2014,8114.600098,0.003895668
9/4/2014,8095.950195,-0.00230096
9/5/2014,8086.850098,-0.001124663
9/8/2014,8173.899902,0.010706841
9/9/2014,8152.950195,-0.00256629
9/10/2014,8094.100098,-0.007244436
9/11/2014,8085.700195,-0.00103832
9/12/2014,8105.5,0.00244575
9/15/2014,8042,-0.007865035
9/16/2014,7932.899902,-0.013659152
9/17/2014,7975.5,0.005355686
9/18/2014,8114.75,0.017309051
9/19/2014,8121.450195,0.00082534
9/22/2014,8146.299805,0.003055079
9/23/2014,8017.549805,-0.015930948
9/24/2014,8002.399902,-0.00189138
9/25/2014,7911.850098,-0.011379836
9/26/2014,7968.850098,0.007178556
9/29/2014,7958.899902,-0.001249417
9/30/2014,7964.799805,0.000741022
10/1/2014,7945.549805,-0.00241981
10/7/2014,7852.399902,-0.011792794
10/8/2014,7842.700195,-0.001236017
10/9/2014,7960.549805,0.014914881
10/10/2014,7859.950195,-0.012717799
10/13/2014,7884.25,0.003086829
10/14/2014,7864,-0.002571716
10/17/2014,7779.700195,0.004057219
10/20/2014,7879.399902,0.012733944
10/21/2014,7927.75,0.006117516
10/22/2014,7995.899902,0.008559635
10/27/2014,7991.700195,-0.000525371
10/28/2014,8027.600098,0.004482089
10/29/2014,8090.450195,0.007798762
10/30/2014,8169.200195,0.009686631
10/31/2014,8322.200195,0.018555658
11/3/2014,8324.150391,0.000234309
11/5/2014,8338.299805,0.00169836
11/7/2014,8337,-0.000155896
11/10/2014,8344.25,0.000869239
11/11/2014,8362.650391,0.00220273
11/12/2014,8383.299805,0.002466199
11/13/2014,8357.849609,-0.003040438
11/14/2014,8389.900391,0.003827478
11/17/2014,8430.75,0.004857088
11/18/2014,8425.900391,-0.000575394
11/19/2014,8382.299805,-0.005188025
11/20/2014,8401.900391,0.002335601
11/21/2014,8477.349609,0.008939938
11/24/2014,8530.150391,0.006209137
11/25/2014,8463.099609,-0.007891502
11/26/2014,8475.75,0.001493654
11/27/2014,8494.200195,0.002174456
11/28/2014,8588.25,0.011011389
12/1/2014,8555.900391,-0.003773841
12/2/2014,8524.700195,-0.003653294
12/3/2014,8537.650391,0.001517985
12/4/2014,8564.400391,0.003128282
12/5/2014,8538.299805,-0.003052221
12/8/2014,8438.25,-0.011786961
12/9/2014,8340.700195,-0.011627772
12/10/2014,8355.650391,0.001790834
12/11/2014,8292.900391,-0.007538229
12/12/2014,8224.099609,-0.008330954
12/15/2014,8219.599609,-0.000547322
12/16/2014,8067.600098,-0.018665446
12/17/2014,8029.799805,-0.004696456
12/18/2014,8159.299805,0.01599876
12/19/2014,8225.200195,0.008044279
12/22/2014,8324,0.011940272
12/23/2014,8267,-0.006871222
12/24/2014,8174.100098,-0.011301055
12/26/2014,8200.700195,0.003248909
12/29/2014,8246.299805,0.005545051
12/30/2014,8248.25,0.000236465
12/31/2014,8282.700195,0.004167969
1/5/2015,8378.400391,-0.002032904
1/6/2015,8127.350098,-0.030422083
1/7/2015,8102.100098,-0.00311163
1/8/2015,8234.599609,0.016221442
1/9/2015,8284.5,0.006041557
1/12/2015,8323,0.004636468
1/13/2015,8299.400391,-0.002839497
1/14/2015,8277.549805,-0.002636263
1/15/2015,8494.150391,0.02583073
1/16/2015,8513.799805,0.002310616
1/19/2015,8550.700195,0.00432482
1/20/2015,8695.599609,0.016803932
1/21/2015,8729.5,0.003890989
1/22/2015,8761.400391,0.00364766
1/23/2015,8835.599609,0.008433217
1/27/2015,8910.5,0.008441386
1/28/2015,8914.299805,0.00042635
1/29/2015,8952.349609,0.004259317
1/30/2015,8808.900391,-0.016153406
2/2/2015,8797.400391,-0.001306351
2/3/2015,8756.549805,-0.004654298
2/4/2015,8723.700195,-0.003758487
2/5/2015,8711.700195,-0.00137651
2/6/2015,8661.049805,-0.005831032
2/9/2015,8526.349609,-0.015674617
2/10/2015,8565.549805,0.004586999
2/11/2015,8627.400391,0.007194909
2/12/2015,8711.549805,0.009706479
2/13/2015,8805.5,0.010726817
2/16/2015,8809.349609,0.000437087
2/18/2015,8869.099609,0.006759668
2/19/2015,8895.299805,0.002949744
2/20/2015,8833.599609,-0.006960437
2/23/2015,8754.950195,-0.008943311
2/24/2015,8762.099609,0.000816281
2/25/2015,8767.25,0.000587631
2/26/2015,8683.849609,-0.009558255
2/27/2015,8844.599609,0.018342125
3/3/2015,8996.25,0.004400386
3/4/2015,8922.650391,-0.008214792
3/5/2015,8937.75,0.001690848
3/9/2015,8756.75,-0.020459048
3/10/2015,8712.049805,-0.005117729
3/11/2015,8699.950195,-0.001389802
3/12/2015,8776,0.008703422
3/13/2015,8647.75,-0.014721551
3/16/2015,8633.150391,-0.001689682
3/17/2015,8723.299805,0.010388095
3/18/2015,8685.900391,-0.004296518
3/19/2015,8634.650391,-0.005917843
3/20/2015,8570.900391,-0.007410433
3/23/2015,8550.900391,-0.002336204
3/24/2015,8542.950195,-0.000930182
3/25/2015,8530.799805,-0.001423283
3/26/2015,8342.150391,-0.022362097
3/27/2015,8341.400391,-8.99089E-05
3/30/2015,8492.299805,0.017928733
3/31/2015,8491,-0.000153069
4/1/2015,8586.25,0.011155308
4/6/2015,8659.900391,0.008541134
4/7/2015,8660.299805,4.61212E-05
4/8/2015,8714.400391,0.006227533
4/9/2015,8778.299805,0.00730587
4/10/2015,8780.349609,0.000233481
4/13/2015,8834,0.006091688
4/17/2015,8606,-0.011633232
4/20/2015,8448.099609,-0.018518117
4/21/2015,8377.75,-0.008362136
4/22/2015,8429.700195,0.006181825
4/23/2015,8398.299805,-0.003731926
4/24/2015,8305.25,-0.011141436
4/27/2015,8213.799805,-0.011072202
4/28/2015,8285.599609,0.008703378
4/29/2015,8239.75,-0.005549017
4/30/2015,8181.5,-0.007094496
5/4/2015,8331.950195,0.018222038
5/5/2015,8324.799805,-0.000858558
5/6/2015,8097,-0.027745365
5/7/2015,8057.299805,-0.004915134
5/8/2015,8191.5,0.016518543
5/11/2015,8325.25,0.016196034
5/12/2015,8126.950195,-0.024107342
5/13/2015,8235.450195,0.013262307
5/14/2015,8224.200195,-0.001366979
5/15/2015,8262.349609,0.004627952
5/18/2015,8373.650391,0.013380914
5/19/2015,8365.650391,-0.000955835
5/20/2015,8423.25,0.006861657
5/21/2015,8421,-0.000267153
5/22/2015,8458.950195,0.004496489
5/25/2015,8370.25,-0.010541323
5/26/2015,8339.349609,-0.003698524
5/27/2015,8334.599609,-0.000569751
5/28/2015,8319,-0.001873422
5/29/2015,8433.650391,0.013687647
6/1/2015,8433.400391,-2.96436E-05
6/2/2015,8236.450195,-0.023630609
6/3/2015,8135.100098,-0.012381404
6/4/2015,8130.649902,-0.000547186
6/5/2015,8114.700195,-0.001963603
6/8/2015,8044.149902,-0.008732149
6/9/2015,8022.399902,-0.00270749
6/10/2015,8124.450195,0.012640441
6/11/2015,7965.350098,-0.019777161
6/12/2015,7982.899902,0.002200845
6/15/2015,8013.899902,0.00387578
6/16/2015,8047.299805,0.004159085
6/17/2015,8091.549805,0.005483676
6/18/2015,8174.600098,0.010211515
6/19/2015,8224.950195,0.006140443
6/22/2015,8353.099609,0.015460439
6/23/2015,8381.549805,0.003400158
6/24/2015,8360.849609,-0.002472789
6/25/2015,8398,0.004433532
6/26/2015,8381.099609,-0.002014458
6/29/2015,8318.400391,-0.007509148
6/30/2015,8368.5,0.006004681
7/1/2015,8453.049805,0.010052643
7/2/2015,8444.900391,-0.000964545
7/3/2015,8484.900391,0.004725404
7/6/2015,8522.150391,0.004380543
7/7/2015,8510.799805,-0.00133278
7/8/2015,8363.049805,-0.017512753
7/9/2015,8328.549805,-0.004133822
7/10/2015,8360.549805,0.003834843
7/13/2015,8459.650391,0.011783657
7/14/2015,8454.099609,-0.000656363
7/15/2015,8523.799805,0.008210743
7/16/2015,8608.049805,0.009835561
7/17/2015,8609.849609,0.000209062
7/20/2015,8603.450195,-0.000743543
7/21/2015,8529.450195,-0.008638404
7/22/2015,8633.5,0.012125081
7/23/2015,8589.799805,-0.005074555
7/24/2015,8521.549805,-0.007977204
7/27/2015,8361,-0.019020189
7/28/2015,8337,-0.002874598
7/29/2015,8375.049805,0.004553585
7/30/2015,8421.799805,0.005566534
7/31/2015,8532.849609,0.013099816
8/3/2015,8543.049805,0.001194689
8/4/2015,8516.900391,-0.003065593
8/5/2015,8567.950195,0.005976049
8/6/2015,8588.650391,0.002413089
8/7/2015,8564.599609,-0.002804226
8/10/2015,8525.599609,-0.004564027
8/11/2015,8462.349609,-0.007446489
8/12/2015,8349.450195,-0.013431175
8/13/2015,8355.849609,0.000766154
8/14/2015,8518.549805,0.01928427
8/17/2015,8477.299805,-0.004854136
8/18/2015,8466.549805,-0.001268897
8/19/2015,8495.150391,0.003372376
8/20/2015,8372.75,-0.014513074
8/21/2015,8299.950195,-0.008732871
8/24/2015,7809,-0.0609726
8/25/2015,7880.700195,0.009139842
8/26/2015,7791.850098,-0.011338429
8/27/2015,7948.950195,0.019961541
8/28/2015,8001.950195,0.006645417
8/31/2015,7971.299805,-0.00383772
9/1/2015,7785.850098,-0.02353957
9/2/2015,7717,-0.008882309
9/3/2015,7823,0.013642425
9/4/2015,7655.049805,-0.021702577
9/7/2015,7558.799805,-0.012653114
9/8/2015,7688.25,0.016980768
9/9/2015,7818.600098,0.016812334
9/10/2015,7788.100098,-0.003908583
9/11/2015,7789.299805,0.000154032
9/14/2015,7872.25,0.010592945
9/15/2015,7829.100098,-0.005496344
9/16/2015,7899.149902,0.008907573
9/18/2015,7981.899902,0.01042132
9/21/2015,7977.100098,-0.000601517
9/22/2015,7812,-0.020913936
9/23/2015,7845.950195,0.004336487
9/24/2015,7868.5,0.002869947
9/28/2015,7795.700195,-0.009295122
9/29/2015,7843.299805,0.006087315
9/30/2015,7948.899902,0.013373903
10/1/2015,7950.899902,0.000251575
10/5/2015,8119.299805,0.020958802
10/6/2015,8152.899902,0.004129761
10/7/2015,8177.399902,0.00300056
10/8/2015,8129.350098,-0.005893258
10/9/2015,8189.700195,0.007396309
10/12/2015,8143.600098,-0.005644936
10/13/2015,8131.700195,-0.001462327
10/14/2015,8107.899902,-0.002931145
10/15/2015,8179.5,0.008792141
10/16/2015,8238.150391,0.007144828
10/19/2015,8275.049805,0.004469088
10/20/2015,8261.650391,-0.001620567
10/21/2015,8251.700195,-0.001205109
10/23/2015,8295.450195,0.005287932
10/26/2015,8260.549805,-0.004216048
10/27/2015,8232.900391,-0.003352778
10/28/2015,8171.200195,-0.007522569
10/29/2015,8111.75,-0.007302173
10/30/2015,8065.799805,-0.005680751
11/2/2015,8050.799805,-0.001861435
11/3/2015,8060.700195,0.001228984
11/4/2015,8040.200195,-0.002546443
11/5/2015,7955.450195,-0.01059673
11/6/2015,7954.299805,-0.000144614
11/9/2015,7915.200195,-0.004927652
11/10/2015,7783.350098,-0.016798137
11/13/2015,7762.25,-0.002714609
11/16/2015,7806.600098,0.005697302
11/17/2015,7837.549805,0.003956718
11/18/2015,7731.799805,-0.013584591
11/19/2015,7842.75,0.014247869
11/20/2015,7856.549805,0.001758016
11/23/2015,7849.25,-0.000929568
11/24/2015,7831.600098,-0.002251142
11/26/2015,7883.799805,0.006643152
11/27/2015,7942.700195,0.007443296
11/30/2015,7935.25,-0.000938433
12/1/2015,7954.899902,0.002473219
12/2/2015,7931.350098,-0.002964806
12/3/2015,7864.149902,-0.008508829
12/4/2015,7781.899902,-0.010513933
12/7/2015,7765.399902,-0.002122556
12/8/2015,7701.700195,-0.008236847
12/9/2015,7612.5,-0.011649476
12/10/2015,7683.299805,0.009257484
12/11/2015,7610.450195,-0.009526789
12/14/2015,7650.049805,0.00518983
12/15/2015,7700.899902,0.006625034
12/16/2015,7750.899902,0.006471761
12/17/2015,7844.350098,0.011984587
12/18/2015,7761.950195,-0.010559924
12/21/2015,7834.450195,0.009297084
12/22/2015,7786.100098,-0.006190595
12/23/2015,7865.950195,0.010203237
12/24/2015,7861.049805,-0.000623182
12/28/2015,7925.149902,0.008121074
12/29/2015,7928.950195,0.000479408
12/30/2015,7896.25,-0.00413268
12/31/2015,7946.350098,0.006324753
1/5/2016,7784.649902,-0.000853868
1/6/2016,7741,-0.005622955
1/7/2016,7568.299805,-0.022562432
1/8/2016,7601.350098,0.00435743
1/11/2016,7563.850098,-0.004945543
1/12/2016,7510.299805,-0.007104947
1/13/2016,7562.399902,0.006913201
1/14/2016,7536.799805,-0.003390924
1/15/2016,7437.799805,-0.013222583
1/18/2016,7351,-0.011738722
1/19/2016,7435.100098,0.011375685
1/20/2016,7309.299805,-0.01706456
1/21/2016,7276.799805,-0.004456305
1/22/2016,7422.450195,0.019818039
1/25/2016,7436.149902,0.001844011
1/27/2016,7437.75,0.000215155
1/28/2016,7424.649902,-0.001762851
1/29/2016,7563.549805,0.018535099
2/1/2016,7555.950195,-0.001005273
2/2/2016,7455.549805,-0.013376663
2/3/2016,7361.799805,-0.012654254
2/4/2016,7404,0.005715953
2/5/2016,7489.100098,0.011428248
2/8/2016,7387.25,-0.013693102
2/9/2016,7298.200195,-0.012127772
2/10/2016,7215.700195,-0.011368534
2/11/2016,6976.350098,-0.033733363
2/12/2016,6980.950195,0.000659167
2/15/2016,7162.950195,0.025736896
2/16/2016,7048.25,-0.016142575
2/17/2016,7108.450195,0.008504886
2/18/2016,7191.75,0.011650291
2/19/2016,7210.75,0.002638432
2/22/2016,7234.549805,0.003295165
2/23/2016,7109.549805,-0.01742921
2/24/2016,7018.700195,-0.01286088
2/25/2016,6970.600098,-0.006876725
2/26/2016,7029.75,0.008449825
2/29/2016,6987.049805,-0.006092736
3/1/2016,7222.299805,0.033115027
3/2/2016,7368.850098,0.020088235
3/3/2016,7475.600098,0.014382727
3/4/2016,7485.350098,0.001303393
3/8/2016,7485.299805,-6.71888E-06
3/9/2016,7531.799805,0.00619296
3/10/2016,7486.149902,-0.006079398
3/11/2016,7510.200195,0.003207489
3/14/2016,7538.75,0.003794263
3/15/2016,7460.600098,-0.010420533
3/16/2016,7498.75,0.005100487
3/17/2016,7512.549805,0.001838589
3/18/2016,7604.350098,0.012145535
3/21/2016,7704.25,0.01305166
3/22/2016,7714.899902,0.001381387
3/23/2016,7716.5,0.000207382
3/28/2016,7615.100098,-0.013227762
3/29/2016,7597,-0.002379699
3/30/2016,7735.200195,0.018027933
3/31/2016,7738.399902,0.00041357
4/1/2016,7713.049805,-0.003281261
4/4/2016,7758.799805,0.005913984
4/5/2016,7603.200195,-0.020258421
4/6/2016,7614.350098,0.001465401
4/7/2016,7546.450195,-0.008957358
4/8/2016,7555.200195,0.001158814
4/11/2016,7671.399902,0.015263022
4/12/2016,7708.950195,0.004882902
4/13/2016,7850.450195,0.018188863
4/18/2016,7914.700195,0.008150935
4/20/2016,7914.75,6.2927E-06
4/21/2016,7912.049805,-0.000341218
4/22/2016,7899.299805,-0.001612766
4/25/2016,7855.049805,-0.005617511
4/26/2016,7962.649902,0.013605234
4/27/2016,7979.899902,0.002164021
4/28/2016,7847.25,-0.016762716
4/29/2016,7849.799805,0.000324877
5/2/2016,7805.899902,-0.005608183
5/3/2016,7747,-0.007574174
5/4/2016,7706.549805,-0.00523508
5/5/2016,7735.5,0.003749532
5/6/2016,7733.450195,-0.000265022
5/9/2016,7866.049805,0.017000904
5/10/2016,7887.799805,0.002761232
5/11/2016,7848.850098,-0.004950201
5/12/2016,7900.399902,0.006546342
5/13/2016,7814.899902,-0.010881223
5/16/2016,7860.75,0.005849866
5/17/2016,7890.75,0.003809166
5/18/2016,7870.149902,-0.002614078
5/19/2016,7783.399902,-0.011083861
5/20/2016,7749.700195,-0.00433909
5/23/2016,7731.049805,-0.002409496
5/24/2016,7748.850098,0.002299795
5/25/2016,7934.899902,0.023726281
5/26/2016,8069.649902,0.01683936
5/27/2016,8156.649902,0.010723435
5/30/2016,8178.5,0.002675226
5/31/2016,8160.100098,-0.002252324
6/1/2016,8179.950195,0.002429626
6/2/2016,8218.950195,0.004756425
6/3/2016,8220.799805,0.000225017
6/6/2016,8201.049805,-0.002405333
6/7/2016,8266.450195,0.007943007
6/8/2016,8273.049805,0.000798042
6/9/2016,8203.599609,-0.008430186
6/10/2016,8170.049805,-0.00409803
6/13/2016,8110.600098,-0.007303145
6/14/2016,8108.850098,-0.00021579
6/15/2016,8206.599609,0.011982591
6/16/2016,8140.75,-0.008056348
6/17/2016,8170.200195,0.003611099
6/20/2016,8238.5,0.008324876
6/21/2016,8219.900391,-0.002260197
6/22/2016,8203.700195,-0.001972795
6/23/2016,8270.450195,0.008103649
6/24/2016,8088.600098,-0.02223327
6/27/2016,8094.700195,0.000753876
6/28/2016,8127.850098,0.004086897
6/29/2016,8204,0.009325392
6/30/2016,8287.75,0.010156681
7/1/2016,8328.349609,0.004886789
7/4/2016,8370.700195,0.005072226
7/5/2016,8335.950195,-0.004160026
7/7/2016,8337.900391,0.000233923
7/8/2016,8323.200195,-0.001764613
7/11/2016,8467.900391,0.017235771
7/12/2016,8521.049805,0.00625696
7/13/2016,8519.5,-0.000181896
7/14/2016,8565,0.005326478
7/15/2016,8541.400391,-0.002759157
7/18/2016,8508.700195,-0.003835782
7/19/2016,8528.549805,0.002330144
7/20/2016,8565.849609,0.004363986
7/21/2016,8510.099609,-0.006529675
7/22/2016,8541.200195,0.003647889
7/25/2016,8635.650391,0.010997493
7/26/2016,8590.650391,-0.005224581
7/27/2016,8615.799805,0.002923256
7/28/2016,8666.299805,0.005844214
7/29/2016,8638.5,-0.003212962
8/1/2016,8636.549805,-0.000225782
8/2/2016,8622.900391,-0.001581675
8/3/2016,8544.849609,-0.009092784
8/4/2016,8551.099609,0.000731167
8/5/2016,8683.150391,0.015324527
8/8/2016,8711.349609,0.003242317
8/9/2016,8678.25,-0.003806833
8/10/2016,8575.299805,-0.01193394
8/11/2016,8592.150391,0.001963086
8/17/2016,8624.049805,-0.002142866
8/18/2016,8673.25,0.005688787
8/19/2016,8666.900391,-0.000732359
8/22/2016,8629.150391,-0.004365165
8/23/2016,8632.599609,0.000399637
8/24/2016,8650.299805,0.002048291
8/25/2016,8592.200195,-0.006739142
8/26/2016,8572.549805,-0.002289622
8/29/2016,8607.450195,0.004062915
8/30/2016,8744.349609,0.015779603
8/31/2016,8786.200195,0.004774598
9/1/2016,8774.650391,-0.001315404
9/2/2016,8809.650391,0.003980829
9/6/2016,8943,0.015023347
9/7/2016,8917.950195,-0.002804982
9/8/2016,8952.5,0.003866701
9/9/2016,8866.700195,-0.009630114
9/12/2016,8715.599609,-0.01718823
9/14/2016,8726.599609,0.001261309
9/15/2016,8742.549805,0.001826099
9/16/2016,8779.849609,0.004257392
9/19/2016,8808.400391,0.003246577
9/20/2016,8775.900391,-0.003696483
9/21/2016,8777.150391,0.000142425
9/22/2016,8867.450195,0.010235493
9/23/2016,8831.549805,-0.004056776
9/26/2016,8723.049805,-0.01236159
9/27/2016,8706.400391,-0.001910493
9/28/2016,8745.150391,0.004440873
9/29/2016,8591.25,-0.017755062
9/30/2016,8611.150391,0.002313677
10/3/2016,8738.099609,0.014634809
10/4/2016,8769.150391,0.003547195
10/5/2016,8743.950195,-0.00287787
10/6/2016,8709.549805,-0.003941953
10/7/2016,8697.599609,-0.001373022
10/10/2016,8708.799805,0.001286906
10/13/2016,8573.349609,-0.015675477
10/14/2016,8583.400391,0.001171642
10/17/2016,8520.400391,-0.007366817
10/18/2016,8677.900391,0.018316275
10/19/2016,8659.099609,-0.002168863
10/20/2016,8699.400391,0.004643357
10/21/2016,8693.049805,-0.000730269
10/24/2016,8708.950195,0.001827421
10/25/2016,8691.299805,-0.002028752
10/26/2016,8615.25,-0.008788614
10/27/2016,8615.25,0
10/28/2016,8638,0.002637186
11/1/2016,8626.25,-0.001361195
11/2/2016,8514,-0.013098013
11/3/2016,8484.950195,-0.003417839
11/4/2016,8433.75,-0.006052516
11/7/2016,8497.049805,0.007477509
11/8/2016,8543.549805,0.005457568
11/9/2016,8432,-0.013142598
11/10/2016,8525.75,0.011057004
11/11/2016,8296.299805,-0.027281387
11/15/2016,8108.450195,-0.022902857
11/16/2016,8111.600098,0.000388396
11/17/2016,8079.950195,-0.00390944
11/18/2016,8074.100098,-0.000724289
11/21/2016,7929.100098,-0.018121871
11/22/2016,8002.299805,0.009189427
11/23/2016,8033.299805,0.003866402
11/24/2016,7965.5,-0.008475662
11/25/2016,8114.299805,0.018508197
11/28/2016,8126.899902,0.001551622
11/29/2016,8142.149902,0.001874726
11/30/2016,8224.5,0.010063244
12/1/2016,8192.900391,-0.003849531
12/2/2016,8086.799805,-0.013034895
12/5/2016,8128.75,0.005174082
12/6/2016,8143.149902,0.001769911
12/7/2016,8102.049805,-0.005059979
12/8/2016,8246.849609,0.01771417
12/9/2016,8261.75,0.001805168
12/12/2016,8170.799805,-0.01106963
12/13/2016,8221.799805,0.00622234
12/14/2016,8182.450195,-0.004797499
12/15/2016,8153.600098,-0.003532081
12/16/2016,8139.450195,-0.001736925
12/19/2016,8104.350098,-0.004321667
12/20/2016,8082.399902,-0.002712121
12/21/2016,8061.299805,-0.002614036
12/22/2016,7979.100098,-0.010249174
12/23/2016,7985.75,0.000833068
12/26/2016,7908.25,-0.009752185
12/27/2016,8032.850098,0.015632878
12/28/2016,8034.850098,0.000248947
12/29/2016,8103.600098,0.008520077
12/30/2016,8185.799805,0.010092503
1/2/2017,8179.5,-0.000769898
1/3/2017,8192.25,0.001557561
1/4/2017,8190.5,-0.000213639
1/5/2017,8273.799805,0.010118926
1/6/2017,8243.799805,-0.003632493
1/9/2017,8236.049805,-0.000940543
1/10/2017,8288.599609,0.006360193
1/11/2017,8380.650391,0.011044494
1/12/2017,8407.200195,0.003162981
1/13/2017,8400.349609,-0.00081518
1/16/2017,8412.799805,0.001481007
1/17/2017,8398,-0.00176075
1/18/2017,8417,0.002259888
1/19/2017,8435.099609,0.002148055
1/20/2017,8349.349609,-0.01021788
1/23/2017,8391.5,0.005035644
1/24/2017,8475.799805,0.009995732
1/25/2017,8602.75,0.014866899
1/27/2017,8641.25,0.004465329
1/30/2017,8632.75,-0.000984138
1/31/2017,8561.299805,-0.008311085
2/1/2017,8716.400391,0.017954328
2/2/2017,8734.25,0.002045725
2/3/2017,8740.950195,0.000766823
2/6/2017,8801.049805,0.006852109
2/7/2017,8768.299805,-0.003728088
2/8/2017,8769.049805,8.55317E-05
2/9/2017,8778.400391,0.001065749
2/10/2017,8793.549805,0.001724273
2/13/2017,8805.049805,0.001306922
2/14/2017,8792.299805,-0.001449082
2/15/2017,8724.700195,-0.00771821
2/16/2017,8778,0.006090485
2/17/2017,8821.700195,0.004966026
2/20/2017,8879.200195,0.006496868
2/21/2017,8907.849609,0.003221382
2/22/2017,8926.900391,0.002136367
2/23/2017,8939.5,0.001410425
2/27/2017,8896.700195,-0.004799216
2/28/2017,8879.599609,-0.001923976
3/1/2017,8945.799805,0.00742766
3/2/2017,8899.75,-0.00516094
3/3/2017,8897.549805,-0.00024725
3/6/2017,8963.450195,0.007379283
3/7/2017,8946.900391,-0.001848072
3/8/2017,8924.299805,-0.002529276
3/9/2017,8927,0.000302521
3/10/2017,8934.549805,0.00084537
3/14/2017,9087,0.016919059
3/15/2017,9084.799805,-0.000242155
3/16/2017,9153.700195,0.007555525
3/17/2017,9160.049805,0.000693425
3/20/2017,9126.849609,-0.00363104
3/21/2017,9121.5,-0.000586312
3/22/2017,9030.450195,-0.010032043
3/23/2017,9086.299805,0.006165541
3/24/2017,9108,0.002385385
3/27/2017,9045.200195,-0.006918896
3/28/2017,9100.799805,0.006128048
3/29/2017,9143.799805,0.004713732
3/30/2017,9173.75,0.003270112
3/31/2017,9173.75,0
4/3/2017,9237.849609,0.006962987
4/5/2017,9265.150391,0.002950959
4/6/2017,9261.950195,-0.000345461
4/7/2017,9198.299805,-0.006895968
4/10/2017,9181.450195,-0.001833498
4/11/2017,9237,0.006031992
4/12/2017,9203.450195,-0.003638723
4/13/2017,9150.799805,-0.005737149
4/17/2017,9139.299805,-0.001257511
4/18/2017,9105.150391,-0.003743544
4/19/2017,9103.5,-0.000181275
4/20/2017,9136.400391,0.003607523
4/21/2017,9119.400391,-0.001862422
4/24/2017,9217.950195,0.010748636
4/25/2017,9306.599609,0.009571093
4/26/2017,9351.849609,0.004850359
4/27/2017,9342.150391,-0.001037683
4/28/2017,9304.049805,-0.004086692
5/2/2017,9313.799805,0.001047382
5/3/2017,9311.950195,-0.000198608
5/4/2017,9359.900391,0.005136106
5/5/2017,9285.299805,-0.008002165
5/8/2017,9314.049805,0.003091508
5/9/2017,9316.849609,0.000300555
5/10/2017,9407.299805,0.009661416
5/11/2017,9422.400391,0.001603912
5/12/2017,9400.900391,-0.002284404
5/15/2017,9445.400391,0.004722421
5/16/2017,9512.25,0.00705255
5/17/2017,9525.75,0.001418216
5/18/2017,9429.450195,-0.010160867
5/19/2017,9427.900391,-0.000164371
5/22/2017,9438.25,0.001097162
5/23/2017,9386.150391,-0.005535341
5/24/2017,9360.549805,-0.002731212
5/25/2017,9509.75,0.015813559
5/26/2017,9595.099609,0.008934923
5/29/2017,9604.900391,0.001020915
5/30/2017,9624.549805,0.00204368
5/31/2017,9621.25,-0.000342912
6/1/2017,9616.099609,-0.000535457
6/2/2017,9653.5,0.003881807
6/5/2017,9675.099609,0.00223499
6/6/2017,9637.150391,-0.003930072
6/7/2017,9663.900391,0.002771872
6/8/2017,9647.25,-0.001724433
6/9/2017,9668.25,0.00217442
6/12/2017,9616.400391,-0.005377306
6/13/2017,9606.900391,-0.000988384
6/14/2017,9618.150391,0.001170348
6/15/2017,9578.049805,-0.004177977
6/16/2017,9588.049805,0.001043509
6/19/2017,9657.549805,0.007222462
6/20/2017,9653.5,-0.000419429
6/21/2017,9633.599609,-0.002063597
6/22/2017,9630,-0.000373721
6/23/2017,9574.950195,-0.005732892
6/27/2017,9511.400391,-0.006659213
6/28/2017,9491.25,-0.002120799
6/29/2017,9504.099609,0.001352922
6/30/2017,9520.900391,0.00176618
7/3/2017,9615,0.009834956
7/4/2017,9613.299805,-0.000176843
7/5/2017,9637.599609,0.002524538
7/6/2017,9674.549805,0.003826632
7/7/2017,9665.799805,-0.000904844
7/10/2017,9771.049805,0.01083005
7/11/2017,9786.049805,0.00153397
7/12/2017,9816.099609,0.003065973
7/13/2017,9891.700195,0.007672186
7/14/2017,9886.349609,-0.000541063
7/17/2017,9915.950195,0.002989613
7/18/2017,9827.150391,-0.008995588
7/19/2017,9899.599609,0.00734531
7/20/2017,9873.299805,-0.002660188
7/21/2017,9915.25,0.004239852
7/24/2017,9966.400391,0.005145499
7/25/2017,9964.549805,-0.0001857
7/26/2017,10020.65039,0.005614228
7/27/2017,10020.54981,-1.00379E-05
7/28/2017,10014.5,-0.000603922
7/31/2017,10077.09961,0.006231441
8/1/2017,10114.65039,0.003719423
8/2/2017,10081.5,-0.003282846
8/3/2017,10013.65039,-0.00675286
8/4/2017,10066.40039,0.005253983
8/7/2017,10057.40039,-0.000894463
8/8/2017,9978.549805,-0.007870951
8/9/2017,9908.049805,-0.007090231
8/10/2017,9820.25,-0.008900958
8/11/2017,9710.799805,-0.011207932
8/14/2017,9794.150391,0.00854666
8/16/2017,9897.299805,0.010476664
8/17/2017,9904.150391,0.000691928
8/18/2017,9837.400391,-0.006762412
8/21/2017,9754.349609,-0.008478189
8/22/2017,9765.549805,0.001147567
8/23/2017,9852.5,0.008864364
8/24/2017,9857.049805,0.000461685
8/28/2017,9912.799805,0.005639916
8/29/2017,9796.049805,-0.011847608
8/30/2017,9884.400391,0.008978573
8/31/2017,9917.900391,0.003383448
9/1/2017,9974.400391,0.005680605
9/4/2017,9912.849609,-0.006189994
9/5/2017,9952.200195,0.003961796
9/6/2017,9916.200195,-0.003623849
9/7/2017,9929.900391,0.001380644
9/8/2017,9934.799805,0.000493278
9/11/2017,10006.04981,0.007146165
9/12/2017,10093.04981,0.008657158
9/13/2017,10079.29981,-0.001363252
9/14/2017,10086.59961,0.000723975
9/15/2017,10085.40039,-0.000118899
9/18/2017,10153.09961,0.006690167
9/19/2017,10147.54981,-0.000546761
9/20/2017,10141.15039,-0.000630835
9/21/2017,10121.90039,-0.001900011
9/22/2017,9964.400391,-0.015682652
9/25/2017,9872.599609,-0.009255577
9/26/2017,9871.5,-0.000111386
9/27/2017,9735.75,-0.01384714
9/28/2017,9768.950195,0.003404331
9/29/2017,9788.599609,0.002009395
10/3/2017,9859.5,0.007217054
10/4/2017,9914.900391,0.005603258
10/5/2017,9888.700195,-0.002646005
10/6/2017,9979.700195,0.009160338
10/9/2017,9988.75,0.00090641
10/10/2017,10016.9502,0.002819218
10/11/2017,9984.799805,-0.00321476
10/12/2017,10096.40039,0.011115046
10/13/2017,10167.4502,0.007012497
10/16/2017,10230.84961,0.006216167
10/17/2017,10234.4502,0.000351872
10/18/2017,10210.84961,-0.002308657
10/19/2017,10146.54981,-0.006317115
10/23/2017,10184.84961,0.003767557
10/24/2017,10207.7002,0.002241073
10/25/2017,10295.34961,0.008549942
10/26/2017,10343.79981,0.004694989
10/27/2017,10323.04981,-0.002008047
10/30/2017,10363.65039,0.003925289
10/31/2017,10335.29981,-0.002739328
11/1/2017,10440.5,0.010127273
11/2/2017,10423.79981,-0.00160084
11/3/2017,10452.5,0.00274955
11/6/2017,10451.79981,-6.69905E-05
11/7/2017,10350.15039,-0.009773144
11/8/2017,10303.15039,-0.004551338
11/9/2017,10308.9502,0.000562757
11/10/2017,10321.75,0.00124085
11/13/2017,10224.9502,-0.009422488
11/14/2017,10186.59961,-0.003757738
11/15/2017,10118.04981,-0.006752154
11/16/2017,10214.75,0.009511816
11/17/2017,10283.59961,0.006717601
11/20/2017,10298.75,0.001472173
11/21/2017,10326.90039,0.002729651
11/22/2017,10342.29981,0.001490083
11/23/2017,10348.75,0.000623477
11/24/2017,10389.7002,0.00394921
11/27/2017,10399.54981,0.000947568
11/28/2017,10370.25,-0.002821387
11/29/2017,10361.29981,-0.000863437
11/30/2017,10226.54981,-0.013090432
12/1/2017,10121.79981,-0.010295766
12/4/2017,10127.75,0.000587687
12/5/2017,10118.25,-0.000938457
12/6/2017,10044.09961,-0.007355365
12/7/2017,10166.7002,0.012132334
12/8/2017,10265.65039,0.009685716
12/11/2017,10322.25,0.005498351
12/12/2017,10240.15039,-0.007985453
12/13/2017,10192.9502,-0.004619982
12/14/2017,10252.09961,0.005786201
12/15/2017,10333.25,0.007884327
12/18/2017,10388.75,0.005356639
12/19/2017,10463.2002,0.007140868
12/20/2017,10444.2002,-0.001817539
12/21/2017,10440.29981,-0.00037352
12/22/2017,10493,0.005035069
12/26/2017,10531.5,0.003662398
12/27/2017,10490.75,-0.00387685
12/28/2017,10477.90039,-0.001225602
12/29/2017,10530.7002,0.005026505
1/3/2018,10443.2002,9.57607E-05
1/4/2018,10504.79981,0.005881209
1/5/2018,10558.84961,0.005132057
1/8/2018,10623.59961,0.006113571
1/9/2018,10637,0.001260585
1/10/2018,10632.2002,-0.000451339
1/11/2018,10651.2002,0.001785429
1/12/2018,10681.25,0.002817288
1/15/2018,10741.54981,0.005629513
1/16/2018,10700.4502,-0.003833566
1/17/2018,10788.54981,0.008199554
1/18/2018,10817,0.002633602
1/19/2018,10894.7002,0.00715748
1/22/2018,10966.2002,0.006541382
1/23/2018,11083.7002,0.010657745
1/24/2018,11086,0.000207473
1/25/2018,11069.65039,-0.001475886
1/29/2018,11130.40039,0.005472974
1/30/2018,11049.65039,-0.00728135
1/31/2018,11027.7002,-0.001988482
2/1/2018,11016.90039,-0.000979814
2/2/2018,10760.59961,-0.023539214
2/5/2018,10666.54981,-0.008778621
2/6/2018,10498.25,-0.015904082
2/7/2018,10476.7002,-0.002054814
2/8/2018,10576.84961,0.009513851
2/9/2018,10454.9502,-0.011592044
2/12/2018,10539.75,0.008078255
2/14/2018,10500.90039,-0.003692819
2/15/2018,10545.5,0.004238224
2/16/2018,10452.29981,-0.008877197
2/19/2018,10378.40039,-0.00709527
2/20/2018,10360.40039,-0.001735877
2/21/2018,10397.4502,0.003569719
2/22/2018,10382.7002,-0.001419624
2/23/2018,10491.04981,0.010381516
2/26/2018,10582.59961,0.008688612
2/27/2018,10554.29981,-0.002677765
2/28/2018,10492.84961,-0.005839306
3/1/2018,10458.34961,-0.003293371
3/5/2018,10358.84961,-0.009559476
3/6/2018,10249.25,-0.010636657
3/7/2018,10154.2002,-0.0093171
3/8/2018,10242.65039,0.008672981
3/9/2018,10226.84961,-0.001543837
3/12/2018,10421.40039,0.018844845
3/13/2018,10426.84961,0.000522751
3/14/2018,10410.90039,-0.001530801
3/15/2018,10360.15039,-0.004886619
3/16/2018,10195.15039,-0.016054598
3/19/2018,10094.25,-0.009946201
3/20/2018,10124.34961,0.00297742
3/21/2018,10155.25,0.003047438
3/22/2018,10114.75,-0.003996059
3/23/2018,9998.049805,-0.0116047
3/26/2018,10130.65039,0.013175466
3/27/2018,10184.15039,0.005267108
3/28/2018,10113.7002,-0.006941669
4/2/2018,10211.79981,0.009652936
4/3/2018,10245,0.003245886
4/4/2018,10128.40039,-0.011446384
4/5/2018,10325.15039,0.019239307
4/6/2018,10331.59961,0.000624418
4/9/2018,10379.34961,0.004611096
4/10/2018,10402.25,0.002203911
4/11/2018,10417.15039,0.001431395
4/12/2018,10458.65039,0.003975901
4/13/2018,10480.59961,0.002096467
4/16/2018,10528.34961,0.00454569
4/17/2018,10548.7002,0.001931066
4/18/2018,10526.2002,-0.002135242
4/19/2018,10565.29981,0.003707622
4/20/2018,10564.04981,-0.000118319
4/23/2018,10584.7002,0.001952872
4/24/2018,10614.34961,0.002797242
4/25/2018,10570.54981,-0.004135008
4/26/2018,10617.79981,0.004460006
4/27/2018,10692.29981,0.006992018
4/30/2018,10739.34961,0.004390691
5/2/2018,10718.04981,-0.001985312
5/3/2018,10679.65039,-0.00358912
5/4/2018,10618.25,-0.005765879
5/7/2018,10715.5,0.009117073
5/8/2018,10717.79981,0.000214601
5/9/2018,10741.7002,0.002227489
5/10/2018,10716.54981,-0.002344124
5/11/2018,10806.5,0.008358548
5/14/2018,10806.59961,9.21747E-06
5/15/2018,10801.84961,-0.000439643
5/16/2018,10741.09961,-0.005639911
5/17/2018,10682.7002,-0.005451839
5/18/2018,10596.40039,-0.008111271
5/21/2018,10516.7002,-0.007549869
5/22/2018,10536.7002,0.001899931
5/23/2018,10430.34961,-0.010144632
5/24/2018,10513.84961,0.00797361
5/25/2018,10605.15039,0.008646371
5/28/2018,10688.65039,0.007842698
5/29/2018,10633.29981,-0.005191899
5/30/2018,10614.34961,-0.001783746
5/31/2018,10736.15039,0.011409766
6/1/2018,10696.2002,-0.003728032
6/4/2018,10628.5,-0.006349484
6/5/2018,10593.15039,-0.00333147
6/6/2018,10684.65039,0.008600566
6/7/2018,10768.34961,0.007803071
6/8/2018,10767.65039,-6.49348E-05
6/11/2018,10786.9502,0.001790783
6/12/2018,10842.84961,0.005168752
6/13/2018,10856.7002,0.001276578
6/14/2018,10808.04981,-0.00449121
6/15/2018,10817.7002,0.000892491
6/18/2018,10799.84961,-0.001651491
6/19/2018,10710.4502,-0.00831229
6/20/2018,10772.04981,0.00573488
6/21/2018,10741.09961,-0.00287733
6/22/2018,10821.84961,0.007489734
6/25/2018,10762.4502,-0.00550396
6/26/2018,10769.15039,0.000622359
6/27/2018,10671.40039,-0.009118299
6/28/2018,10589.09961,-0.007742169
6/29/2018,10714.29981,0.011754146
7/2/2018,10657.29981,-0.005334195
7/3/2018,10699.90039,0.003989347
7/4/2018,10769.90039,0.00652081
7/5/2018,10749.75,-0.001872744
7/6/2018,10772.65039,0.002128053
7/9/2018,10852.90039,0.00742181
7/10/2018,10947.25,0.008655922
7/11/2018,10948.29981,9.58921E-05
7/12/2018,11023.2002,0.006817985
7/13/2018,11018.90039,-0.000390145
7/16/2018,10936.84961,-0.00747423
7/17/2018,11008.04981,0.00648902
7/18/2018,10980.4502,-0.002510369
7/19/2018,10957.09961,-0.002128824
7/20/2018,11010.2002,0.004834521
7/23/2018,11084.75,0.006748156
7/24/2018,11134.29981,0.004460127
7/25/2018,11132,-0.000206573
7/26/2018,11167.29981,0.003166004
7/27/2018,11278.34961,0.009895077
7/30/2018,11319.54981,0.003646378
7/31/2018,11356.5,0.003258965
8/1/2018,11346.2002,-0.000907364
8/2/2018,11244.7002,-0.008985979
8/3/2018,11360.79981,0.010271892
8/6/2018,11387.09961,0.002312285
8/7/2018,11389.4502,0.000206404
8/8/2018,11450,0.005302225
8/9/2018,11470.7002,0.001806245
8/10/2018,11429.5,-0.003598243
8/13/2018,11355.75,-0.006473509
8/14/2018,11435.09961,0.006963315
8/16/2018,11385.04981,-0.004386464
8/17/2018,11470.75,0.007499243
8/20/2018,11551.75,0.007036624
8/21/2018,11570.90039,0.001656419
8/23/2018,11582.75,0.001023563
8/24/2018,11557.09961,-0.002216989
8/27/2018,11691.9502,0.011600655
8/28/2018,11738.5,0.00397345
8/29/2018,11691.90039,-0.00397771
8/30/2018,11676.79981,-0.001292377
8/31/2018,11680.5,0.000316834
9/3/2018,11582.34961,-0.008438431
9/4/2018,11520.29981,-0.005371674
9/5/2018,11476.9502,-0.003769987
9/6/2018,11536.90039,0.005209935
9/7/2018,11589.09961,0.004514339
9/10/2018,11438.09961,-0.013115113
9/11/2018,11287.5,-0.013253935
9/12/2018,11369.90039,0.007273628
9/14/2018,11515.2002,0.012698372
9/17/2018,11377.75,-0.012008225
9/18/2018,11278.90039,-0.008725936
9/19/2018,11234.34961,-0.003957744
9/21/2018,11143.09961,-0.008155577
9/24/2018,10967.40039,-0.015893165
9/25/2018,11067.4502,0.009081114
9/26/2018,11053.79981,-0.001234143
9/27/2018,10977.54981,-0.006921982
9/28/2018,10930.4502,-0.00429977
10/1/2018,11008.29981,0.007097026
10/3/2018,10858.25,-0.013724356
10/4/2018,10599.25,-0.024141916
10/5/2018,10316.4502,-0.027043516
10/8/2018,10348.04981,0.00305835
10/9/2018,10301.04981,-0.004552264
10/10/2018,10460.09961,0.015322169
10/11/2018,10234.65039,-0.021788921
10/12/2018,10472.5,0.022973713
10/15/2018,10512.5,0.003812251
10/16/2018,10584.75,0.006849261
10/17/2018,10453.04981,-0.012520503
10/19/2018,10303.54981,-0.014405306
10/22/2018,10245.25,-0.005674294
10/23/2018,10146.79981,-0.009655818
10/24/2018,10224.75,0.007652886
10/25/2018,10124.90039,-0.009813477
10/26/2018,10030,-0.009417173
10/29/2018,10250.84961,0.021779989
10/30/2018,10198.40039,-0.005129707
10/31/2018,10386.59961,0.018285593
11/1/2018,10380.4502,-0.000592228
11/2/2018,10553,0.016485932
11/5/2018,10524,-0.002751817
11/6/2018,10530,0.000569963
11/7/2018,10598.40039,0.006474757
11/9/2018,10585.2002,-0.001246266
11/12/2018,10482.2002,-0.009778218
11/13/2018,10582.5,0.009523094
11/14/2018,10576.29981,-0.000586063
11/15/2018,10616.7002,0.003812621
11/16/2018,10682.2002,0.006150572
11/19/2018,10763.40039,0.007572703
11/20/2018,10656.2002,-0.010009626
11/21/2018,10600.04981,-0.005283201
11/22/2018,10526.75,-0.006939063
11/26/2018,10628.59961,0.009628808
11/27/2018,10685.59961,0.00534856
11/28/2018,10728.84961,0.004039334
11/29/2018,10858.7002,0.012030282
11/30/2018,10876.75,0.001660864
12/3/2018,10883.75,0.000643368
12/4/2018,10869.5,-0.001310149
12/5/2018,10782.90039,-0.00799912
12/6/2018,10601.15039,-0.01699906
12/7/2018,10693.7002,0.008692279
12/10/2018,10488.4502,-0.019380131
12/11/2018,10549.15039,0.005770655
12/12/2018,10737.59961,0.017706239
12/13/2018,10791.54981,0.005011838
12/14/2018,10805.4502,0.001287252
12/17/2018,10888.34961,0.00764272
12/18/2018,10908.7002,0.001867279
12/19/2018,10967.29981,0.005357447
12/20/2018,10951.7002,-0.001423387
12/21/2018,10754,-0.018216935
12/24/2018,10663.5,-0.008451083
12/26/2018,10729.84961,0.006202846
12/27/2018,10779.79981,0.004644454
12/28/2018,10859.90039,0.007403148
12/31/2018,10862.54981,0.000243933
1/3/2019,10672.25,-0.011204534
1/4/2019,10727.34961,0.005149604
1/7/2019,10771.79981,0.004135071
1/8/2019,10802.15039,0.002813635
1/9/2019,10855.15039,0.004894433
1/10/2019,10821.59961,-0.003095557
1/11/2019,10794.9502,-0.00246565
1/14/2019,10737.59961,-0.005326886
1/15/2019,10886.79981,0.013799464
1/16/2019,10890.29981,0.000321439
1/17/2019,10905.2002,0.001367291
1/18/2019,10906.9502,0.000160461
1/21/2019,10961.84961,0.005020809
1/22/2019,10922.75,-0.003573257
1/23/2019,10831.5,-0.008389215
1/24/2019,10849.79981,0.001688073
1/25/2019,10780.54981,-0.006403062
1/28/2019,10661.54981,-0.011099773
1/29/2019,10652.2002,-0.000877331
1/30/2019,10651.79981,-3.75882E-05
1/31/2019,10830.9502,0.016678921
2/1/2019,10893.65039,0.005772292
2/4/2019,10912.25,0.001705925
2/5/2019,10934.34961,0.002023163
2/6/2019,11062.4502,0.011647334
2/7/2019,11069.40039,0.000628072
2/8/2019,10943.59961,-0.011429805
2/11/2019,10888.79981,-0.005020055
2/12/2019,10831.40039,-0.005285361
2/14/2019,10746.04981,-0.007911132
2/15/2019,10724.40039,-0.002016671
2/18/2019,10640.9502,-0.007811772
2/19/2019,10604.34961,-0.003445527
2/20/2019,10735.4502,0.01228711
2/21/2019,10789.84961,0.005054474
2/22/2019,10791.65039,0.000166882
2/25/2019,10880.09961,0.008162673
2/26/2019,10835.29981,-0.004126092
2/27/2019,10806.65039,-0.002647583
2/28/2019,10792.5,-0.001310273
3/1/2019,10863.5,0.006557098
3/5/2019,10987.4502,0.011345184
3/6/2019,11053,0.005948154
3/7/2019,11058.2002,0.000470368
3/8/2019,11035.40039,-0.002063929
3/11/2019,11168.04981,0.011948683
3/12/2019,11301.2002,0.011851926
3/13/2019,11341.7002,0.003577284
3/14/2019,11343.25,0.000136637
3/15/2019,11426.84961,0.007342962
3/18/2019,11462.2002,0.003088867
3/19/2019,11532.40039,0.006105817
3/20/2019,11521.04981,-0.000984719
3/22/2019,11456.90039,-0.005583577
3/25/2019,11354.25,-0.00900008
3/26/2019,11483.25,0.011297329
3/27/2019,11445.04981,-0.003332147
3/28/2019,11570,0.010858236
4/1/2019,11669.15039,0.0085331
4/2/2019,11713.2002,0.003767787
4/3/2019,11643.9502,-0.005929679
4/4/2019,11598,-0.003954079
4/5/2019,11665.9502,0.00584169
4/8/2019,11604.5,-0.005281405
4/9/2019,11671.9502,0.00579559
4/10/2019,11584.29981,-0.007537828
4/11/2019,11596.7002,0.001069875
4/12/2019,11643.4502,0.004023215
4/15/2019,11690.34961,0.004019875
4/16/2019,11787.15039,0.008246307
4/18/2019,11752.79981,-0.002918495
4/22/2019,11594.4502,-0.013564941
4/23/2019,11575.9502,-0.001596865
4/24/2019,11726.15039,0.012891737
4/25/2019,11641.79981,-0.007219371
4/26/2019,11754.65039,0.009646887
4/30/2019,11748.15039,-0.000553126
5/2/2019,11724.75,-0.001993823
5/3/2019,11712.25,-0.00106669
5/6/2019,11598.25,-0.009781078
5/7/2019,11497.90039,-0.008689781
5/8/2019,11359.4502,-0.01211443
5/9/2019,11301.79981,-0.005088026
5/10/2019,11278.90039,-0.00202823
5/13/2019,11148.2002,-0.011655691
5/14/2019,11222.04981,0.006602508
5/15/2019,11157,-0.005813472
5/16/2019,11257.09961,0.008931902
5/17/2019,11407.15039,0.01324138
5/20/2019,11828.25,0.036250352
5/21/2019,11709.09961,-0.010124454
5/22/2019,11737.90039,0.002456672
5/23/2019,11657.04981,-0.006911826
5/24/2019,11844.09961,0.01591869
5/27/2019,11924.75,0.006786252
5/28/2019,11928.75,0.000335381
5/29/2019,11861.09961,-0.005687348
5/30/2019,11945.90039,0.007124051
5/31/2019,11922.79981,-0.001935639
6/3/2019,12088.54981,0.01380619
6/4/2019,12021.65039,-0.005549484
6/6/2019,11843.75,-0.014908921
6/7/2019,11870.65039,0.002268698
6/10/2019,11922.7002,0.004375162
6/11/2019,11965.59961,0.003591671
6/12/2019,11906.2002,-0.004976544
6/13/2019,11914.04981,0.00065907
6/14/2019,11823.29981,-0.007646215
6/17/2019,11672.15039,-0.012866448
6/18/2019,11691.5,0.001656386
6/19/2019,11691.4502,-4.25994E-06
6/20/2019,11831.75,0.011928774
6/21/2019,11724.09961,-0.009140077
6/24/2019,11699.65039,-0.002087559
6/25/2019,11796.4502,0.008239695
6/26/2019,11847.54981,0.004322423
6/27/2019,11841.54981,-0.000506562
6/28/2019,11788.84961,-0.00446038
7/1/2019,11865.59961,0.006489288
7/2/2019,11910.29981,0.003760131
7/3/2019,11916.75,0.000541418
7/4/2019,11946.75,0.002514301
7/5/2019,11811.15039,-0.011415241
7/8/2019,11558.59961,-0.021614319
7/9/2019,11555.90039,-0.000233552
7/10/2019,11498.90039,-0.00494475
7/11/2019,11582.90039,0.007278494
7/12/2019,11552.5,-0.002628043
7/15/2019,11588.34961,0.003098386
7/16/2019,11662.59961,0.006386858
7/17/2019,11687.5,0.002132788
7/18/2019,11596.90039,-0.00778204
7/19/2019,11419.25,-0.015437327
7/22/2019,11346.2002,-0.006417625
7/23/2019,11331.04981,-0.001336175
7/24/2019,11271.29981,-0.005287073
7/25/2019,11252.15039,-0.001700398
7/26/2019,11284.29981,0.002853106
7/29/2019,11189.2002,-0.008463317
7/30/2019,11085.40039,-0.009320082
7/31/2019,11118,0.002936454
8/1/2019,10980,-0.01248998
8/2/2019,10997.34961,0.001578863
8/5/2019,10862.59961,-0.012328639
8/6/2019,10948.25,0.007853966
8/7/2019,10855.5,-0.008507762
8/8/2019,11032.4502,0.016169084
8/9/2019,11109.65039,0.006973187
8/13/2019,10925.84961,-0.01668263
8/14/2019,11029.40039,0.009432965
8/16/2019,11047.79981,0.001666825
8/19/2019,11053.90039,0.000552047
8/20/2019,11017,-0.003343808
8/21/2019,10918.7002,-0.008962601
8/22/2019,10741.34961,-0.01637619
8/23/2019,10829.34961,0.008159262
8/26/2019,11057.84961,0.020880543
8/27/2019,11105.34961,0.004286391
8/28/2019,11046.09961,-0.00534955
8/29/2019,10948.29981,-0.008893214
8/30/2019,11023.25,0.006822503
9/3/2019,10797.90039,-0.020654972
9/4/2019,10844.65039,0.0043202
9/5/2019,10847.90039,0.000299642
9/6/2019,10946.2002,0.009020833
9/9/2019,11003.04981,0.005180107
9/11/2019,11035.7002,0.002963001
9/12/2019,10982.79981,-0.004805095
9/13/2019,11075.90039,0.008441217
9/16/2019,11003.5,-0.006558208
9/17/2019,10817.59961,-0.017039003
9/18/2019,10840.65039,0.002128592
9/19/2019,10704.79981,-0.012610773
9/20/2019,11274.2002,0.051824726
9/23/2019,11600.2002,0.028505409
9/24/2019,11588.2002,-0.001035
9/25/2019,11440.2002,-0.01285387
9/26/2019,11571.2002,0.011385784
9/27/2019,11512.40039,-0.00509452
9/30/2019,11474.4502,-0.003301908
10/1/2019,11359.90039,-0.010033197
10/3/2019,11314,-0.004048748
10/4/2019,11174.75,-0.012384128
10/7/2019,11126.40039,-0.004336071
10/9/2019,11313.29981,0.01665831
10/10/2019,11234.54981,-0.006985173
10/11/2019,11305.04981,0.006255677
10/14/2019,11341.15039,0.003188227
10/15/2019,11428.29981,0.00765498
10/16/2019,11464,0.003118972
10/17/2019,11586.34961,0.010615957
10/18/2019,11661.84961,0.00649515
10/22/2019,11588.34961,-0.006322548
10/23/2019,11604.09961,0.001358201
10/24/2019,11582.59961,-0.001854512
10/25/2019,11583.90039,0.000112299
10/30/2019,11844.09961,0.00484535
10/31/2019,11877.4502,0.002811841
11/1/2019,11890.59961,0.001106478
11/4/2019,11941.29981,0.004254824
11/5/2019,11917.2002,-0.002020212
11/6/2019,11966.04981,0.004090706
11/7/2019,12012.04981,0.003836839
11/8/2019,11908.15039,-0.008687224
11/11/2019,11913.4502,0.000444958
11/13/2019,11840.4502,-0.006146378
11/14/2019,11872.09961,0.002669425
11/15/2019,11895.4502,0.001964914
11/18/2019,11884.5,-0.00092096
11/19/2019,11940.09961,0.00466742
11/20/2019,11999.09961,0.004929164
11/21/2019,11968.40039,-0.002561739
11/22/2019,11914.40039,-0.00452209
11/25/2019,12073.75,0.013285889
11/26/2019,12037.7002,-0.002990267
11/27/2019,12100.7002,0.00521991
11/28/2019,12151.15039,0.004160529
11/29/2019,12056.04981,-0.007857255
12/2/2019,12048.2002,-0.000651305
12/3/2019,11994.2002,-0.004492072
12/4/2019,12043.2002,0.004076986
12/5/2019,12018.40039,-0.00206136
12/6/2019,11921.5,-0.008095349
12/9/2019,11937.5,0.001341213
12/10/2019,11856.79981,-0.00678318
12/11/2019,11910.15039,0.004489484
12/12/2019,11971.79981,0.005162857
12/13/2019,12086.7002,0.009551823
12/16/2019,12053.9502,-0.002713267
12/17/2019,12165,0.009170553
12/18/2019,12221.65039,0.004646025
12/19/2019,12259.7002,0.003108475
12/20/2019,12271.79981,0.000986455
12/23/2019,12262.75,-0.000737719
12/24/2019,12214.54981,-0.003938364
12/26/2019,12126.54981,-0.0072306
12/27/2019,12245.79981,0.009785758
12/30/2019,12255.84961,0.000820337
