Date,S&P500,Returns
6/15/2010,1115.22998,0.023494191
6/16/2010,1114.609985,-0.000555935
6/17/2010,1116.040039,0.001283008
6/18/2010,1117.51001,0.001317131
6/21/2010,1113.199951,-0.003856842
6/22/2010,1095.310059,-0.016070691
6/23/2010,1092.040039,-0.002985474
6/24/2010,1073.689941,-0.016803503
6/25/2010,1076.76001,0.002859363
6/28/2010,1074.569946,-0.002033939
6/29/2010,1041.23999,-0.031017019
6/30/2010,1030.709961,-0.01011297
7/1/2010,1027.369995,-0.003240452
7/2/2010,1022.580017,-0.004662369
7/6/2010,1028.060059,0.005359035
7/7/2010,1060.27002,0.031330816
7/8/2010,1070.25,0.009412678
7/9/2010,1077.959961,0.007203888
7/12/2010,1078.75,0.000732902
7/13/2010,1095.339966,0.015378879
7/14/2010,1095.170044,-0.000155132
7/15/2010,1096.47998,0.001196103
7/16/2010,1064.880005,-0.028819473
7/19/2010,1071.25,0.00598189
7/20/2010,1083.47998,0.011416551
7/21/2010,1069.589966,-0.012819816
7/22/2010,1093.670044,0.022513373
7/23/2010,1102.660034,0.00822002
7/26/2010,1115.01001,0.011200167
7/27/2010,1113.839966,-0.001049357
7/28/2010,1106.130005,-0.006921965
7/29/2010,1101.530029,-0.004158621
7/30/2010,1101.599976,6.34999E-05
8/2/2010,1125.859985,0.022022521
8/3/2010,1120.459961,-0.004796355
8/4/2010,1127.23999,0.006051112
8/5/2010,1125.810059,-0.001268524
8/6/2010,1121.640015,-0.003704039
8/9/2010,1127.790039,0.005483064
8/10/2010,1121.060059,-0.005967405
8/11/2010,1089.469971,-0.028178765
8/12/2010,1083.609985,-0.005378749
8/13/2010,1079.25,-0.004023574
8/16/2010,1079.380005,0.000120459
8/17/2010,1092.540039,0.012192216
8/18/2010,1094.160034,0.001482779
8/19/2010,1075.630005,-0.016935392
8/20/2010,1071.689941,-0.003663029
8/23/2010,1067.359985,-0.004040307
8/24/2010,1051.869995,-0.014512433
8/25/2010,1055.329956,0.003289343
8/26/2010,1047.219971,-0.007684786
8/27/2010,1064.589966,0.016586768
8/30/2010,1048.920044,-0.014719209
8/31/2010,1049.329956,0.000390794
9/1/2010,1080.290039,0.029504621
9/2/2010,1090.099976,0.009080836
9/3/2010,1104.51001,0.013219002
9/7/2010,1091.839966,-0.01147119
9/8/2010,1098.869995,0.006438699
9/9/2010,1104.180054,0.00483229
9/10/2010,1109.550049,0.004863333
9/13/2010,1121.900024,0.011130616
9/14/2010,1121.099976,-0.000713119
9/15/2010,1125.069946,0.003541138
9/16/2010,1124.660034,-0.000364344
9/17/2010,1125.589966,0.000826856
9/20/2010,1142.709961,0.015209797
9/21/2010,1139.780029,-0.002564021
9/22/2010,1134.280029,-0.004825493
9/23/2010,1124.829956,-0.00833134
9/24/2010,1148.670044,0.021194393
9/27/2010,1142.160034,-0.005667433
9/28/2010,1147.699951,0.004850386
9/29/2010,1144.72998,-0.002587759
9/30/2010,1141.199951,-0.003083722
10/1/2010,1146.23999,0.004416438
10/4/2010,1137.030029,-0.008034933
10/5/2010,1160.75,0.020861341
10/6/2010,1159.969971,-0.000672004
10/7/2010,1158.060059,-0.001646518
10/8/2010,1165.150024,0.006122277
10/11/2010,1165.319946,0.000145837
10/12/2010,1169.77002,0.003818757
10/13/2010,1178.099976,0.00712102
10/14/2010,1173.810059,-0.003641386
10/15/2010,1176.189941,0.002027485
10/18/2010,1184.709961,0.007243745
10/19/2010,1165.900024,-0.015877251
10/20/2010,1178.170044,0.010524076
10/21/2010,1180.26001,0.001773909
10/22/2010,1183.079956,0.002389258
10/25/2010,1185.619995,0.002146972
10/26/2010,1185.640015,1.68857E-05
10/27/2010,1182.449951,-0.002690584
10/28/2010,1183.780029,0.001124849
10/29/2010,1183.26001,-0.000439287
11/1/2010,1184.380005,0.000946533
11/2/2010,1193.569946,0.007759284
11/3/2010,1197.959961,0.003678054
11/4/2010,1221.060059,0.019282863
11/5/2010,1225.849976,0.003922753
11/8/2010,1223.25,-0.002120958
11/9/2010,1213.400024,-0.0080523
11/10/2010,1218.709961,0.004376081
11/11/2010,1213.540039,-0.004242127
11/12/2010,1199.209961,-0.011808492
11/15/2010,1197.75,-0.001217436
11/16/2010,1178.339966,-0.016205413
11/17/2010,1178.589966,0.000212163
11/18/2010,1196.689941,0.015357313
11/19/2010,1199.72998,0.002540373
11/22/2010,1197.839966,-0.001575366
11/23/2010,1180.72998,-0.014284033
11/24/2010,1198.349976,0.014922968
11/26/2010,1189.400024,-0.007468563
11/29/2010,1187.76001,-0.001378858
11/30/2010,1180.550049,-0.006070217
12/1/2010,1206.069946,0.021616955
12/2/2010,1221.530029,0.012818563
12/3/2010,1224.709961,0.002603237
12/6/2010,1223.119995,-0.001298239
12/7/2010,1223.75,0.00051508
12/8/2010,1228.280029,0.00370176
12/9/2010,1233,0.003842748
12/10/2010,1240.400024,0.006001642
12/13/2010,1240.459961,4.83207E-05
12/14/2010,1241.589966,0.000910956
12/15/2010,1235.22998,-0.005122453
12/16/2010,1242.869995,0.006185095
12/17/2010,1243.910034,0.000836804
12/20/2010,1247.079956,0.002548353
12/21/2010,1254.599976,0.006030103
12/22/2010,1258.839966,0.003379555
12/23/2010,1256.77002,-0.001644328
12/27/2010,1257.540039,0.000612697
12/28/2010,1258.51001,0.000771324
12/29/2010,1259.780029,0.001009145
12/30/2010,1257.880005,-0.001508219
12/31/2010,1257.640015,-0.000190789
1/3/2011,1271.869995,0.011314828
1/4/2011,1270.199951,-0.001313062
1/5/2011,1276.560059,0.005007171
1/6/2011,1273.849976,-0.002122958
1/7/2011,1271.5,-0.001844782
1/10/2011,1269.75,-0.001376327
1/11/2011,1274.47998,0.003725127
1/12/2011,1285.959961,0.00900758
1/13/2011,1283.76001,-0.001710746
1/14/2011,1293.23999,0.007384542
1/18/2011,1295.02002,0.001376411
1/19/2011,1281.920044,-0.010115655
1/20/2011,1280.26001,-0.001294959
1/21/2011,1283.349976,0.002413546
1/24/2011,1290.839966,0.00583628
1/25/2011,1291.180054,0.000263463
1/26/2011,1296.630005,0.004220907
1/27/2011,1299.540039,0.002244306
1/28/2011,1276.339966,-0.017852527
1/31/2011,1286.119995,0.007662558
2/1/2011,1307.589966,0.016693599
2/2/2011,1304.030029,-0.002722518
2/3/2011,1307.099976,0.0023542
2/4/2011,1310.869995,0.002884262
2/7/2011,1319.050049,0.006240172
2/8/2011,1324.569946,0.004184752
2/9/2011,1320.880005,-0.002785765
2/10/2011,1321.869995,0.000749493
2/11/2011,1329.150024,0.005507371
2/14/2011,1332.319946,0.002384924
2/15/2011,1328.01001,-0.003234911
2/16/2011,1336.319946,0.006257435
2/17/2011,1340.430054,0.003075692
2/18/2011,1343.01001,0.001924723
2/22/2011,1315.439941,-0.020528566
2/23/2011,1307.400024,-0.006111961
2/24/2011,1306.099976,-0.000994377
2/25/2011,1319.880005,0.010550516
2/28/2011,1327.219971,0.005561086
3/1/2011,1306.329956,-0.015739678
3/2/2011,1308.439941,0.001615201
3/3/2011,1330.969971,0.017219002
3/4/2011,1321.150024,-0.007378038
3/7/2011,1310.130005,-0.008341232
3/8/2011,1321.819946,0.008922734
3/9/2011,1320.02002,-0.001361703
3/10/2011,1295.109985,-0.018870952
3/11/2011,1304.280029,0.007080514
3/14/2011,1296.390015,-0.006049325
3/15/2011,1281.869995,-0.011200349
3/16/2011,1256.880005,-0.019494949
3/17/2011,1273.719971,0.013398229
3/18/2011,1279.209961,0.004310202
3/21/2011,1298.380005,0.014985846
3/22/2011,1293.77002,-0.003550567
3/23/2011,1297.540039,0.002913979
3/24/2011,1309.660034,0.009340748
3/25/2011,1313.800049,0.003161137
3/28/2011,1310.189941,-0.002747837
3/29/2011,1319.439941,0.007060045
3/30/2011,1328.26001,0.006684707
3/31/2011,1325.829956,-0.001829502
4/1/2011,1332.410034,0.004962988
4/4/2011,1332.869995,0.00034521
4/5/2011,1332.630005,-0.000180055
4/6/2011,1335.540039,0.002183677
4/7/2011,1333.51001,-0.001520006
4/8/2011,1328.170044,-0.004004444
4/11/2011,1324.459961,-0.00279338
4/12/2011,1314.160034,-0.007776699
4/13/2011,1314.410034,0.000190236
4/14/2011,1314.52002,8.36771E-05
4/15/2011,1319.680054,0.003925413
4/18/2011,1305.140015,-0.011017852
4/19/2011,1312.619995,0.005731171
4/20/2011,1330.359985,0.013514947
4/21/2011,1337.380005,0.005276782
4/25/2011,1335.25,-0.00159267
4/26/2011,1347.23999,0.008979584
4/27/2011,1355.660034,0.006249847
4/28/2011,1360.47998,0.003555424
4/29/2011,1363.609985,0.002300662
5/2/2011,1361.219971,-0.001752711
5/3/2011,1356.619995,-0.003379304
5/4/2011,1347.319946,-0.006855309
5/5/2011,1335.099976,-0.009069835
5/6/2011,1340.199951,0.00381992
5/9/2011,1346.290039,0.004544164
5/10/2011,1357.160034,0.008074037
5/11/2011,1342.079956,-0.011111496
5/12/2011,1348.650024,0.004895437
5/13/2011,1337.77002,-0.008067329
5/16/2011,1329.469971,-0.006204392
5/17/2011,1328.97998,-0.000368561
5/18/2011,1340.680054,0.0088038
5/19/2011,1343.599976,0.002177941
5/20/2011,1333.27002,-0.007688267
5/23/2011,1317.369995,-0.011925585
5/24/2011,1316.280029,-0.00082738
5/25/2011,1320.469971,0.003183169
5/26/2011,1325.689941,0.003953115
5/27/2011,1331.099976,0.00408092
5/31/2011,1345.199951,0.010592724
6/1/2011,1314.550049,-0.022784644
6/2/2011,1312.939941,-0.001224836
6/3/2011,1300.160034,-0.009733809
6/6/2011,1286.170044,-0.010760206
6/7/2011,1284.939941,-0.000956408
6/8/2011,1279.560059,-0.004186874
6/9/2011,1289,0.00737749
6/10/2011,1270.97998,-0.013979845
6/13/2011,1271.829956,0.000668756
6/14/2011,1287.869995,0.01261178
6/15/2011,1265.420044,-0.017431846
6/16/2011,1267.640015,0.001754335
6/17/2011,1271.5,0.003045017
6/20/2011,1278.359985,0.005395191
6/21/2011,1295.52002,0.013423476
6/22/2011,1287.140015,-0.006468449
6/23/2011,1283.5,-0.002827987
6/24/2011,1268.449951,-0.011725788
6/27/2011,1280.099976,0.009184458
6/28/2011,1296.670044,0.012944355
6/29/2011,1307.410034,0.008282747
6/30/2011,1320.640015,0.010119229
7/1/2011,1339.670044,0.014409702
7/5/2011,1337.880005,-0.001336179
7/6/2011,1339.219971,0.001001559
7/7/2011,1353.219971,0.010453846
7/8/2011,1343.800049,-0.006961117
7/11/2011,1319.48999,-0.018090533
7/12/2011,1313.640015,-0.004433512
7/13/2011,1317.719971,0.00310584
7/14/2011,1308.869995,-0.006716128
7/15/2011,1316.140015,0.005554425
7/18/2011,1305.439941,-0.00812989
7/19/2011,1326.72998,0.016308708
7/20/2011,1325.839966,-0.000670833
7/21/2011,1343.800049,0.013546192
7/22/2011,1345.02002,0.000907852
7/25/2011,1337.430054,-0.005643013
7/26/2011,1331.939941,-0.004104972
7/27/2011,1304.890015,-0.020308668
7/28/2011,1300.670044,-0.003233967
7/29/2011,1292.280029,-0.006450533
8/1/2011,1286.939941,-0.004132299
8/2/2011,1254.050049,-0.025556664
8/3/2011,1260.339966,0.005015683
8/4/2011,1200.069946,-0.047820447
8/5/2011,1199.380005,-0.000574917
8/8/2011,1119.459961,-0.066634464
8/9/2011,1172.530029,0.047406848
8/10/2011,1120.76001,-0.044152404
8/11/2011,1172.640015,0.046290022
8/12/2011,1178.810059,0.005261669
8/15/2011,1204.48999,0.021784622
8/16/2011,1192.76001,-0.009738545
8/17/2011,1193.890015,0.000947387
8/18/2011,1140.650024,-0.044593715
8/19/2011,1123.530029,-0.015008981
8/22/2011,1123.819946,0.000258041
8/23/2011,1162.349976,0.034284878
8/24/2011,1177.599976,0.013119973
8/25/2011,1159.27002,-0.01556552
8/26/2011,1176.800049,0.01512161
8/29/2011,1210.079956,0.028280001
8/30/2011,1212.920044,0.002347025
8/31/2011,1218.890015,0.004921982
9/1/2011,1204.420044,-0.011871433
9/2/2011,1173.969971,-0.025281938
9/6/2011,1165.23999,-0.00743629
9/7/2011,1198.619995,0.028646464
9/8/2011,1185.900024,-0.01061218
9/9/2011,1154.22998,-0.026705492
9/12/2011,1162.27002,0.006965718
9/13/2011,1172.869995,0.009120062
9/14/2011,1188.680054,0.013479805
9/15/2011,1209.109985,0.017187073
9/16/2011,1216.01001,0.005706698
9/19/2011,1204.089966,-0.009802587
9/20/2011,1202.089966,-0.001661005
9/21/2011,1166.76001,-0.029390442
9/22/2011,1129.560059,-0.031883121
9/23/2011,1136.430054,0.006082009
9/26/2011,1162.949951,0.023336145
9/27/2011,1175.380005,0.010688383
9/28/2011,1151.060059,-0.020691135
9/29/2011,1160.400024,0.008114229
9/30/2011,1131.420044,-0.024974129
10/3/2011,1099.22998,-0.028451029
10/4/2011,1123.949951,0.022488443
10/5/2011,1144.030029,0.017865634
10/6/2011,1164.969971,0.018303665
10/7/2011,1155.459961,-0.008163309
10/10/2011,1194.890015,0.034124985
10/11/2011,1195.540039,0.000544003
10/12/2011,1207.25,0.009794704
10/13/2011,1203.660034,-0.002973672
10/14/2011,1224.579956,0.017380258
10/17/2011,1200.859985,-0.019369883
10/18/2011,1225.380005,0.020418717
10/19/2011,1209.880005,-0.012649137
10/20/2011,1215.390015,0.004554179
10/21/2011,1238.25,0.018808765
10/24/2011,1254.189941,0.012872959
10/25/2011,1229.050049,-0.020044725
10/26/2011,1242,0.010536553
10/27/2011,1284.589966,0.034291438
10/28/2011,1285.089966,0.000389229
10/31/2011,1253.300049,-0.024737503
11/1/2011,1218.280029,-0.027942247
11/2/2011,1237.900024,0.016104668
11/3/2011,1261.150024,0.018781808
11/4/2011,1253.22998,-0.006280017
11/7/2011,1261.119995,0.006295744
11/8/2011,1275.920044,0.011735639
11/9/2011,1229.099976,-0.036695143
11/10/2011,1239.699951,0.008624176
11/11/2011,1263.849976,0.01948054
11/14/2011,1251.780029,-0.009550142
11/15/2011,1257.810059,0.004817164
11/16/2011,1236.910034,-0.016616201
11/17/2011,1216.130005,-0.016799952
11/18/2011,1215.650024,-0.000394679
11/21/2011,1192.97998,-0.018648495
11/22/2011,1188.040039,-0.004140841
11/23/2011,1161.790039,-0.022095215
11/25/2011,1158.670044,-0.002685507
11/28/2011,1192.550049,0.029240425
11/29/2011,1195.189941,0.002213653
11/30/2011,1246.959961,0.043315308
12/1/2011,1244.579956,-0.001908646
12/2/2011,1244.280029,-0.000240987
12/5/2011,1257.079956,0.010287015
12/6/2011,1258.469971,0.001105749
12/7/2011,1261.01001,0.002018355
12/8/2011,1234.349976,-0.02114181
12/9/2011,1255.189941,0.016883352
12/12/2011,1236.469971,-0.014914054
12/13/2011,1225.72998,-0.00868601
12/14/2011,1211.819946,-0.011348367
12/15/2011,1215.75,0.003243101
12/16/2011,1219.660034,0.00321615
12/19/2011,1205.349976,-0.011732825
12/20/2011,1241.300049,0.029825423
12/21/2011,1243.719971,0.001949506
12/22/2011,1254,0.00826555
12/23/2011,1265.329956,0.009035053
12/27/2011,1265.430054,7.91082E-05
12/28/2011,1249.640015,-0.012478002
12/29/2011,1263.02002,0.010707088
12/30/2011,1257.599976,-0.004291337
1/3/2012,1277.060059,0.015473985
1/4/2012,1277.300049,0.000187924
1/5/2012,1281.060059,0.002943717
1/6/2012,1277.810059,-0.002536961
1/9/2012,1280.699951,0.002261597
1/10/2012,1292.079956,0.00888577
1/11/2012,1292.47998,0.000309597
1/12/2012,1295.5,0.002336609
1/13/2012,1289.089966,-0.004947923
1/17/2012,1293.670044,0.003552955
1/18/2012,1308.040039,0.011107929
1/19/2012,1314.5,0.004938657
1/20/2012,1315.380005,0.00066946
1/23/2012,1316,0.000471343
1/24/2012,1314.650024,-0.001025818
1/25/2012,1326.060059,0.008679143
1/26/2012,1318.430054,-0.005753891
1/27/2012,1316.329956,-0.001592878
1/30/2012,1313.01001,-0.002522123
1/31/2012,1312.410034,-0.000456947
2/1/2012,1324.089966,0.008899606
2/2/2012,1325.540039,0.001095147
2/3/2012,1344.900024,0.014605357
2/6/2012,1344.329956,-0.000423874
2/7/2012,1347.050049,0.002023382
2/8/2012,1349.959961,0.002160211
2/9/2012,1351.949951,0.00147411
2/10/2012,1342.640015,-0.006886302
2/13/2012,1351.77002,0.006800039
2/14/2012,1350.5,-0.000939524
2/15/2012,1343.22998,-0.005383206
2/16/2012,1358.040039,0.011025706
2/17/2012,1361.22998,0.00234893
2/21/2012,1362.209961,0.000719923
2/22/2012,1357.660034,-0.003340107
2/23/2012,1363.459961,0.004272002
2/24/2012,1365.73999,0.001672238
2/27/2012,1367.589966,0.001354559
2/28/2012,1372.180054,0.003356333
2/29/2012,1365.680054,-0.004736988
3/1/2012,1374.089966,0.00615804
3/2/2012,1369.630005,-0.003245756
3/5/2012,1364.329956,-0.003869694
3/6/2012,1343.359985,-0.015370161
3/7/2012,1352.630005,0.006900622
3/8/2012,1365.910034,0.009817932
3/9/2012,1370.869995,0.00363125
3/12/2012,1371.089966,0.000160461
3/13/2012,1395.949951,0.018131549
3/14/2012,1394.280029,-0.001196262
3/15/2012,1402.599976,0.005967199
3/16/2012,1404.170044,0.001119398
3/19/2012,1409.75,0.003973846
3/20/2012,1405.52002,-0.003000518
3/21/2012,1402.890015,-0.001871197
3/22/2012,1392.780029,-0.007206542
3/23/2012,1397.109985,0.003108858
3/26/2012,1416.51001,0.013885825
3/27/2012,1412.52002,-0.002816775
3/28/2012,1405.540039,-0.004941509
3/29/2012,1403.280029,-0.00160793
3/30/2012,1408.469971,0.003698436
4/2/2012,1419.040039,0.007504646
4/3/2012,1413.380005,-0.003988636
4/4/2012,1398.959961,-0.010202524
4/5/2012,1398.079956,-0.000629042
4/9/2012,1382.199951,-0.011358438
4/10/2012,1358.589966,-0.017081454
4/11/2012,1368.709961,0.007448896
4/12/2012,1387.569946,0.013779388
4/13/2012,1370.26001,-0.012475001
4/16/2012,1369.569946,-0.000503601
4/17/2012,1390.780029,0.015486674
4/18/2012,1385.140015,-0.004055288
4/19/2012,1376.920044,-0.005934397
4/20/2012,1378.530029,0.001169265
4/23/2012,1366.939941,-0.00840757
4/24/2012,1371.969971,0.003679774
4/25/2012,1390.689941,0.013644592
4/26/2012,1399.97998,0.006680166
4/27/2012,1403.359985,0.002414324
4/30/2012,1397.910034,-0.003883502
5/1/2012,1405.819946,0.005658384
5/2/2012,1402.310059,-0.002496683
5/3/2012,1391.569946,-0.007658872
5/4/2012,1369.099976,-0.016147208
5/7/2012,1369.579956,0.000350581
5/8/2012,1363.719971,-0.004278673
5/9/2012,1354.579956,-0.006702267
5/10/2012,1357.98999,0.002517411
5/11/2012,1353.390015,-0.003387341
5/14/2012,1338.349976,-0.011112864
5/15/2012,1330.660034,-0.005745838
5/16/2012,1324.800049,-0.004403818
5/17/2012,1304.859985,-0.015051376
5/18/2012,1295.219971,-0.007387777
5/21/2012,1315.98999,0.016035901
5/22/2012,1316.630005,0.000486337
5/23/2012,1318.859985,0.001693703
5/24/2012,1320.680054,0.001380032
5/25/2012,1317.819946,-0.002165633
5/29/2012,1332.420044,0.011078978
5/30/2012,1313.319946,-0.014334892
5/31/2012,1310.329956,-0.002276665
6/1/2012,1278.040039,-0.024642585
6/4/2012,1278.180054,0.000109554
6/5/2012,1285.5,0.00572685
6/6/2012,1315.130005,0.023049401
6/7/2012,1314.98999,-0.000106465
6/8/2012,1325.660034,0.008114164
6/11/2012,1308.930054,-0.012620113
6/12/2012,1324.180054,0.011650737
6/13/2012,1314.880005,-0.007023251
6/14/2012,1329.099976,0.010814653
6/15/2012,1342.839966,0.010337815
6/18/2012,1344.780029,0.001444746
6/19/2012,1357.97998,0.009815695
6/20/2012,1355.689941,-0.001686357
6/21/2012,1325.51001,-0.022261677
6/22/2012,1335.02002,0.007174604
6/25/2012,1313.719971,-0.015954854
6/26/2012,1319.98999,0.004772721
6/27/2012,1331.849976,0.008984906
6/28/2012,1329.040039,-0.0021098
6/29/2012,1362.160034,0.024920239
7/2/2012,1365.51001,0.002459312
7/3/2012,1374.02002,0.006232111
7/5/2012,1367.579956,-0.004687023
7/6/2012,1354.680054,-0.009432649
7/9/2012,1352.459961,-0.001638832
7/10/2012,1341.469971,-0.008125926
7/11/2012,1341.449951,-1.49239E-05
7/12/2012,1334.76001,-0.004987097
7/13/2012,1356.780029,0.016497362
7/16/2012,1353.640015,-0.002314313
7/17/2012,1363.670044,0.007409672
7/18/2012,1372.780029,0.006680491
7/19/2012,1376.51001,0.0027171
7/20/2012,1362.660034,-0.01006166
7/23/2012,1350.52002,-0.008909056
7/24/2012,1338.310059,-0.009040933
7/25/2012,1337.890015,-0.000313861
7/26/2012,1360.02002,0.016540975
7/27/2012,1385.969971,0.019080565
7/30/2012,1385.300049,-0.00048336
7/31/2012,1379.319946,-0.004316829
8/1/2012,1375.319946,-0.00289998
8/2/2012,1365,-0.007503669
8/3/2012,1390.98999,0.019040286
8/6/2012,1394.22998,0.002329269
8/7/2012,1401.349976,0.005106759
8/8/2012,1402.219971,0.000620826
8/9/2012,1402.800049,0.000413685
8/10/2012,1405.869995,0.002188442
8/13/2012,1404.109985,-0.001251901
8/14/2012,1403.930054,-0.000128146
8/15/2012,1405.530029,0.00113964
8/16/2012,1415.51001,0.007100511
8/17/2012,1418.160034,0.001872134
8/20/2012,1418.130005,-2.11746E-05
8/21/2012,1413.170044,-0.003497536
8/22/2012,1413.48999,0.000226403
8/23/2012,1402.079956,-0.008072243
8/24/2012,1411.130005,0.006454731
8/27/2012,1410.439941,-0.000489015
8/28/2012,1409.300049,-0.000808182
8/29/2012,1410.48999,0.000844349
8/30/2012,1399.47998,-0.007805805
8/31/2012,1406.579956,0.005073296
9/4/2012,1404.939941,-0.001165959
9/5/2012,1403.439941,-0.001067661
9/6/2012,1432.119995,0.020435541
9/7/2012,1437.920044,0.004049974
9/10/2012,1429.079956,-0.00614783
9/11/2012,1433.560059,0.003134956
9/12/2012,1436.560059,0.002092692
9/13/2012,1459.98999,0.016309747
9/14/2012,1465.77002,0.003958952
9/17/2012,1461.189941,-0.003124691
9/18/2012,1459.319946,-0.001279775
9/19/2012,1461.050049,0.001185554
9/20/2012,1460.26001,-0.000540734
9/21/2012,1460.150024,-7.53195E-05
9/24/2012,1456.890015,-0.002232653
9/25/2012,1441.589966,-0.010501856
9/26/2012,1433.319946,-0.005736735
9/27/2012,1447.150024,0.009648982
9/28/2012,1440.670044,-0.004477753
10/1/2012,1444.48999,0.002651507
10/2/2012,1445.75,0.000872287
10/3/2012,1450.98999,0.003624409
10/4/2012,1461.400024,0.007174435
10/5/2012,1460.930054,-0.000321589
10/8/2012,1455.880005,-0.003456736
10/9/2012,1441.47998,-0.009890942
10/10/2012,1432.560059,-0.00618803
10/11/2012,1432.839966,0.000195389
10/12/2012,1428.589966,-0.002966137
10/15/2012,1440.130005,0.008077922
10/16/2012,1454.920044,0.010269933
10/17/2012,1460.910034,0.004117058
10/18/2012,1457.339966,-0.002443729
10/19/2012,1433.189941,-0.016571305
10/22/2012,1433.819946,0.000439582
10/23/2012,1413.109985,-0.014443906
10/24/2012,1408.75,-0.003085383
10/25/2012,1412.969971,0.002995543
10/26/2012,1411.939941,-0.000728982
10/31/2012,1412.160034,0.00015588
11/1/2012,1427.589966,0.010926475
11/2/2012,1414.199951,-0.009379454
11/5/2012,1417.26001,0.002163809
11/6/2012,1428.390015,0.007853185
11/7/2012,1394.530029,-0.023705
11/8/2012,1377.51001,-0.012204842
11/9/2012,1379.849976,0.001698693
11/12/2012,1380.030029,0.000130487
11/13/2012,1374.530029,-0.003985421
11/14/2012,1355.48999,-0.013852036
11/15/2012,1353.329956,-0.001593545
11/16/2012,1359.880005,0.00483995
11/19/2012,1386.890015,0.019862054
11/20/2012,1387.810059,0.000663386
11/21/2012,1391.030029,0.002320181
11/23/2012,1409.150024,0.013026315
11/26/2012,1406.290039,-0.002029582
11/27/2012,1398.939941,-0.005226588
11/28/2012,1409.930054,0.007856029
11/29/2012,1415.949951,0.004269642
11/30/2012,1416.180054,0.000162508
12/3/2012,1409.459961,-0.004745225
12/4/2012,1407.050049,-0.001709812
12/5/2012,1409.280029,0.001584862
12/6/2012,1413.939941,0.003306591
12/7/2012,1418.069946,0.00292092
12/10/2012,1418.550049,0.000338561
12/11/2012,1427.839966,0.006548882
12/12/2012,1428.47998,0.000448239
12/13/2012,1419.449951,-0.006321425
12/14/2012,1413.579956,-0.004135401
12/17/2012,1430.359985,0.011870591
12/18/2012,1446.790039,0.011486657
12/19/2012,1435.810059,-0.007589201
12/20/2012,1443.689941,0.005488109
12/21/2012,1430.150024,-0.009378688
12/24/2012,1426.660034,-0.002440296
12/26/2012,1419.829956,-0.00478746
12/27/2012,1418.099976,-0.001218442
12/28/2012,1402.430054,-0.011049942
12/31/2012,1426.189941,0.016941941
1/2/2013,1462.420044,0.025403421
1/3/2013,1459.369995,-0.002085618
1/4/2013,1466.469971,0.004865097
1/7/2013,1461.890015,-0.003123116
1/8/2013,1457.150024,-0.003242372
1/9/2013,1461.02002,0.002655867
1/10/2013,1472.119995,0.007597415
1/11/2013,1472.050049,-4.75138E-05
1/14/2013,1470.680054,-0.000930671
1/15/2013,1472.339966,0.00112867
1/16/2013,1472.630005,0.000196992
1/17/2013,1480.939941,0.005642922
1/18/2013,1485.97998,0.00340327
1/22/2013,1492.560059,0.004428107
1/23/2013,1494.810059,0.001507477
1/24/2013,1494.819946,6.61422E-06
1/25/2013,1502.959961,0.005445482
1/28/2013,1500.180054,-0.001849621
1/29/2013,1507.839966,0.005105995
1/30/2013,1501.959961,-0.003899621
1/31/2013,1498.109985,-0.002563301
2/1/2013,1513.170044,0.010052706
2/4/2013,1495.709961,-0.011538745
2/5/2013,1511.290039,0.01041651
2/6/2013,1512.119995,0.000549171
2/7/2013,1509.390015,-0.001805399
2/8/2013,1517.930054,0.005657941
2/11/2013,1517.01001,-0.000606118
2/12/2013,1519.430054,0.001595272
2/13/2013,1520.329956,0.000592263
2/14/2013,1521.380005,0.000690672
2/15/2013,1519.790039,-0.001045081
2/19/2013,1530.939941,0.007336475
2/20/2013,1511.949951,-0.012404138
2/21/2013,1502.420044,-0.006303057
2/22/2013,1515.599976,0.008772468
2/25/2013,1487.849976,-0.018309581
2/26/2013,1496.939941,0.006109463
2/27/2013,1515.98999,0.012725994
2/28/2013,1514.680054,-0.00086408
3/1/2013,1518.199951,0.002323855
3/4/2013,1525.199951,0.004610723
3/5/2013,1539.790039,0.009566017
3/6/2013,1541.459961,0.001084513
3/7/2013,1544.26001,0.001816492
3/8/2013,1551.180054,0.004481139
3/11/2013,1556.219971,0.003249086
3/12/2013,1552.47998,-0.002403253
3/13/2013,1554.52002,0.001314052
3/14/2013,1563.22998,0.00560299
3/15/2013,1560.699951,-0.001618462
3/18/2013,1552.099976,-0.005510332
3/19/2013,1548.339966,-0.002422531
3/20/2013,1558.709961,0.006697492
3/21/2013,1545.800049,-0.008282434
3/22/2013,1556.890015,0.007174256
3/25/2013,1551.689941,-0.003340039
3/26/2013,1563.77002,0.007785111
3/27/2013,1562.849976,-0.00058835
3/28/2013,1569.189941,0.004056669
4/1/2013,1562.170044,-0.00447358
4/2/2013,1570.25,0.005172264
4/3/2013,1553.689941,-0.010546129
4/4/2013,1559.97998,0.004048452
4/5/2013,1553.280029,-0.004294896
4/8/2013,1563.069946,0.006302738
4/9/2013,1568.609985,0.003544332
4/10/2013,1587.72998,0.012189133
4/11/2013,1593.369995,0.003552251
4/12/2013,1588.849976,-0.002836767
4/15/2013,1552.359985,-0.022966291
4/16/2013,1574.569946,0.014307223
4/17/2013,1552.01001,-0.014327681
4/18/2013,1541.609985,-0.006701004
4/19/2013,1555.25,0.008847903
4/22/2013,1562.5,0.00466163
4/23/2013,1578.780029,0.010419219
4/24/2013,1578.790039,6.34034E-06
4/25/2013,1585.160034,0.004034732
4/26/2013,1582.23999,-0.001842113
4/29/2013,1593.609985,0.007186012
4/30/2013,1597.569946,0.0024849
5/1/2013,1582.699951,-0.009307884
5/2/2013,1597.589966,0.009407983
5/3/2013,1614.420044,0.010534667
5/6/2013,1617.5,0.001907779
5/7/2013,1625.959961,0.00523027
5/8/2013,1632.689941,0.004139081
5/9/2013,1626.670044,-0.003687104
5/10/2013,1633.699951,0.004321655
5/13/2013,1633.77002,4.28898E-05
5/14/2013,1650.339966,0.010142153
5/15/2013,1658.780029,0.005114136
5/16/2013,1650.469971,-0.005009741
5/17/2013,1667.469971,0.010300097
5/20/2013,1666.290039,-0.000707618
5/21/2013,1669.160034,0.001722386
5/22/2013,1655.349976,-0.008273657
5/23/2013,1650.51001,-0.002923832
5/24/2013,1649.599976,-0.000551365
5/28/2013,1660.060059,0.006340982
5/29/2013,1648.359985,-0.007047982
5/30/2013,1654.410034,0.003670344
5/31/2013,1630.73999,-0.014307242
6/3/2013,1640.420044,0.005935989
6/4/2013,1631.380005,-0.005510807
6/5/2013,1608.900024,-0.013779733
6/6/2013,1622.560059,0.008490294
6/7/2013,1643.380005,0.012831541
6/10/2013,1642.810059,-0.000346813
6/11/2013,1626.130005,-0.010153367
6/12/2013,1612.52002,-0.008369555
6/13/2013,1636.359985,0.014784291
6/14/2013,1626.72998,-0.005885016
6/17/2013,1639.040039,0.007567365
6/18/2013,1651.810059,0.007791158
6/19/2013,1628.930054,-0.013851475
6/20/2013,1588.189941,-0.025010351
6/21/2013,1592.430054,0.002669777
6/24/2013,1573.089966,-0.012145016
6/25/2013,1588.030029,0.009497272
6/26/2013,1603.26001,0.009590487
6/27/2013,1613.199951,0.006199831
6/28/2013,1606.280029,-0.004289562
7/1/2013,1614.959961,0.005403748
7/2/2013,1614.079956,-0.000544908
7/3/2013,1615.410034,0.000824047
7/5/2013,1631.890015,0.010201732
7/8/2013,1640.459961,0.005251546
7/9/2013,1652.319946,0.007229671
7/10/2013,1652.619995,0.000181593
7/11/2013,1675.02002,0.01355425
7/12/2013,1680.189941,0.003086483
7/15/2013,1682.5,0.00137488
7/16/2013,1676.26001,-0.003708761
7/17/2013,1680.910034,0.002774047
7/18/2013,1689.369995,0.005032965
7/19/2013,1692.089966,0.00161005
7/22/2013,1695.530029,0.002033026
7/23/2013,1692.390015,-0.001851937
7/24/2013,1685.939941,-0.003811222
7/25/2013,1690.25,0.002556472
7/26/2013,1691.650024,0.000828294
7/29/2013,1685.329956,-0.003736038
7/30/2013,1685.959961,0.000373817
7/31/2013,1685.72998,-0.00013641
8/1/2013,1706.869995,0.01254057
8/2/2013,1709.670044,0.001640458
8/5/2013,1707.140015,-0.001479835
8/6/2013,1697.369995,-0.005723034
8/7/2013,1690.910034,-0.003805865
8/8/2013,1697.47998,0.00388545
8/9/2013,1691.420044,-0.00356996
8/12/2013,1689.469971,-0.001152921
8/13/2013,1694.160034,0.002776056
8/14/2013,1685.390015,-0.005176618
8/15/2013,1661.319946,-0.014281602
8/16/2013,1655.829956,-0.003304595
8/19/2013,1646.060059,-0.005900302
8/20/2013,1652.349976,0.003821195
8/21/2013,1642.800049,-0.005779603
8/22/2013,1656.959961,0.008619376
8/23/2013,1663.5,0.003947011
8/26/2013,1656.780029,-0.004039658
8/27/2013,1630.47998,-0.015874195
8/28/2013,1634.959961,0.002747646
8/29/2013,1638.170044,0.001963402
8/30/2013,1632.969971,-0.003174318
9/3/2013,1639.77002,0.004164222
9/4/2013,1653.079956,0.008116953
9/5/2013,1655.079956,0.001209863
9/6/2013,1655.170044,5.44312E-05
9/9/2013,1671.709961,0.009992881
9/10/2013,1683.98999,0.007345789
9/11/2013,1689.130005,0.003052284
9/12/2013,1683.420044,-0.003380415
9/13/2013,1687.98999,0.00271468
9/16/2013,1697.599976,0.005693153
9/17/2013,1704.76001,0.004217739
9/18/2013,1725.52002,0.012177673
9/19/2013,1722.339966,-0.001842954
9/20/2013,1709.910034,-0.007216886
9/23/2013,1701.839966,-0.004719586
9/24/2013,1697.420044,-0.002597143
9/25/2013,1692.77002,-0.002739466
9/26/2013,1698.670044,0.003485426
9/27/2013,1691.75,-0.004073801
9/30/2013,1681.550049,-0.006029231
10/1/2013,1695,0.007998543
10/2/2013,1693.869995,-0.00066667
10/3/2013,1678.660034,-0.008979415
10/4/2013,1690.5,0.007053224
10/7/2013,1676.119995,-0.008506362
10/8/2013,1655.449951,-0.012332079
10/9/2013,1656.400024,0.000573906
10/10/2013,1692.560059,0.021830497
10/11/2013,1703.199951,0.006286271
10/14/2013,1710.140015,0.004074721
10/15/2013,1698.060059,-0.007063723
10/16/2013,1721.540039,0.013827532
10/17/2013,1733.150024,0.006743953
10/18/2013,1744.5,0.006548756
10/21/2013,1744.660034,9.17363E-05
10/22/2013,1754.670044,0.005737513
10/23/2013,1746.380005,-0.004724557
10/24/2013,1752.069946,0.003258135
10/25/2013,1759.77002,0.004394844
10/28/2013,1762.109985,0.001329699
10/29/2013,1771.949951,0.005584195
10/30/2013,1763.310059,-0.004875923
10/31/2013,1756.540039,-0.003839381
11/1/2013,1761.640015,0.002903421
11/4/2013,1767.930054,0.003570559
11/5/2013,1762.969971,-0.002805588
11/6/2013,1770.48999,0.00426554
11/7/2013,1747.150024,-0.013182772
11/8/2013,1770.609985,0.01342756
11/11/2013,1771.890015,0.000722932
11/12/2013,1767.689941,-0.002370392
11/13/2013,1782,0.008095344
11/14/2013,1790.619995,0.004837259
11/15/2013,1798.180054,0.004222034
11/18/2013,1791.530029,-0.003698198
11/19/2013,1787.869995,-0.002042965
11/20/2013,1781.369995,-0.003635611
11/21/2013,1795.849976,0.008128565
11/22/2013,1804.76001,0.004961458
11/25/2013,1802.47998,-0.001263342
11/26/2013,1802.75,0.000149805
11/27/2013,1807.22998,0.002485081
11/29/2013,1805.810059,-0.000785689
12/2/2013,1800.900024,-0.002719021
12/3/2013,1795.150024,-0.003192848
12/4/2013,1792.810059,-0.001303493
12/5/2013,1785.030029,-0.004339573
12/6/2013,1805.089966,0.011237871
12/9/2013,1808.369995,0.0018171
12/10/2013,1802.619995,-0.003179659
12/11/2013,1782.219971,-0.011316874
12/12/2013,1775.5,-0.003770562
12/13/2013,1775.319946,-0.00010141
12/16/2013,1786.540039,0.00632004
12/17/2013,1781,-0.003100988
12/18/2013,1810.650024,0.016647964
12/19/2013,1809.599976,-0.000579929
12/20/2013,1818.319946,0.004818728
12/23/2013,1827.98999,0.00531812
12/24/2013,1833.319946,0.002915747
12/26/2013,1842.02002,0.00474553
12/27/2013,1841.400024,-0.000336585
12/30/2013,1841.069946,-0.000179254
12/31/2013,1848.359985,0.003959675
1/2/2014,1831.97998,-0.008861913
1/3/2014,1831.369995,-0.000332965
1/6/2014,1826.77002,-0.002511767
1/7/2014,1837.880005,0.006081764
1/8/2014,1837.48999,-0.000212209
1/9/2014,1838.130005,0.000348309
1/10/2014,1842.369995,0.002306687
1/13/2014,1819.199951,-0.012576217
1/14/2014,1838.880005,0.010817972
1/15/2014,1848.380005,0.005166188
1/16/2014,1845.890015,-0.00134712
1/17/2014,1838.699951,-0.003895175
1/21/2014,1843.800049,0.002773752
1/22/2014,1844.859985,0.000574865
1/23/2014,1828.459961,-0.008889577
1/24/2014,1790.290039,-0.020875449
1/27/2014,1781.560059,-0.004876294
1/28/2014,1792.5,0.006140652
1/29/2014,1774.199951,-0.010209232
1/30/2014,1794.189941,0.011267045
1/31/2014,1782.589966,-0.006465299
2/3/2014,1741.890015,-0.02283192
2/4/2014,1755.199951,0.007641089
2/5/2014,1751.640015,-0.002028222
2/6/2014,1773.430054,0.012439793
2/7/2014,1797.02002,0.013301887
2/10/2014,1799.839966,0.001569235
2/11/2014,1819.75,0.011062114
2/12/2014,1819.26001,-0.000269262
2/13/2014,1829.829956,0.005810025
2/14/2014,1838.630005,0.004809217
2/18/2014,1840.76001,0.001158474
2/19/2014,1828.75,-0.006524484
2/20/2014,1839.780029,0.006031458
2/21/2014,1836.25,-0.001918723
2/24/2014,1847.609985,0.006186513
2/25/2014,1845.119995,-0.001347682
2/26/2014,1845.160034,2.16999E-05
2/27/2014,1854.290039,0.004948083
2/28/2014,1859.449951,0.002782689
3/3/2014,1845.72998,-0.007378511
3/4/2014,1873.910034,0.015267701
3/5/2014,1873.810059,-5.3351E-05
3/6/2014,1877.030029,0.001718408
3/7/2014,1878.040039,0.000538089
3/10/2014,1877.170044,-0.000463246
3/11/2014,1867.630005,-0.005082139
3/12/2014,1868.199951,0.000305171
3/13/2014,1846.339966,-0.011701095
3/14/2014,1841.130005,-0.002821778
3/17/2014,1858.829956,0.009613635
3/18/2014,1872.25,0.007219619
3/19/2014,1860.77002,-0.006131649
3/20/2014,1872.01001,0.006040505
3/21/2014,1866.52002,-0.002932671
3/24/2014,1857.439941,-0.00486471
3/25/2014,1865.619995,0.00440394
3/26/2014,1852.560059,-0.007000319
3/27/2014,1849.040039,-0.001900084
3/28/2014,1857.619995,0.004640222
3/31/2014,1872.339966,0.007924102
4/1/2014,1885.52002,0.007039349
4/2/2014,1890.900024,0.002853326
4/3/2014,1888.77002,-0.00112645
4/4/2014,1865.089966,-0.012537288
4/7/2014,1845.040039,-0.010750113
4/8/2014,1851.959961,0.003750554
4/9/2014,1872.180054,0.010918213
4/10/2014,1833.079956,-0.020884796
4/11/2014,1815.689941,-0.009486774
4/14/2014,1830.609985,0.008217286
4/15/2014,1842.97998,0.006757308
4/16/2014,1862.310059,0.010488491
4/17/2014,1864.849976,0.001363853
4/21/2014,1871.890015,0.003775124
4/22/2014,1879.550049,0.004092139
4/23/2014,1875.390015,-0.002213314
4/24/2014,1878.609985,0.00171696
4/25/2014,1863.400024,-0.008096391
4/28/2014,1869.430054,0.003236036
4/29/2014,1878.329956,0.004760757
4/30/2014,1883.949951,0.002992017
5/1/2014,1883.680054,-0.000143261
5/2/2014,1881.140015,-0.001348445
5/5/2014,1884.660034,0.001871216
5/6/2014,1867.719971,-0.008988392
5/7/2014,1878.209961,0.005616468
5/8/2014,1875.630005,-0.001373625
5/9/2014,1878.47998,0.001519476
5/12/2014,1896.650024,0.009672738
5/13/2014,1897.449951,0.000421758
5/14/2014,1888.530029,-0.004701005
5/15/2014,1870.849976,-0.009361807
5/16/2014,1877.859985,0.003746965
5/19/2014,1885.079956,0.003844787
5/20/2014,1872.829956,-0.006498398
5/21/2014,1888.030029,0.008116099
5/22/2014,1892.48999,0.00236223
5/23/2014,1900.530029,0.004248392
5/27/2014,1911.910034,0.005987806
5/28/2014,1909.780029,-0.001114072
5/29/2014,1920.030029,0.00536711
5/30/2014,1923.569946,0.001843678
6/2/2014,1924.969971,0.000727826
6/3/2014,1924.23999,-0.000379217
6/4/2014,1927.880005,0.001891664
6/5/2014,1940.459961,0.00652528
6/6/2014,1949.439941,0.004627758
6/9/2014,1951.27002,0.000938772
6/10/2014,1950.790039,-0.000245984
6/11/2014,1943.890015,-0.003537041
6/12/2014,1930.109985,-0.007088894
6/13/2014,1936.160034,0.003134562
6/16/2014,1937.780029,0.000836705
6/17/2014,1941.98999,0.002172569
6/18/2014,1956.97998,0.007718881
6/19/2014,1959.47998,0.001277479
6/20/2014,1962.869995,0.001730059
6/23/2014,1962.609985,-0.000132464
6/24/2014,1949.97998,-0.006435311
6/25/2014,1959.530029,0.004897511
6/26/2014,1957.219971,-0.001178884
6/27/2014,1960.959961,0.001910869
6/30/2014,1960.22998,-0.000372257
7/1/2014,1973.319946,0.006677771
7/2/2014,1974.619995,0.000658813
7/3/2014,1985.439941,0.005479508
7/7/2014,1977.650024,-0.003923522
7/8/2014,1963.709961,-0.007048802
7/9/2014,1972.829956,0.004644268
7/10/2014,1964.680054,-0.004131072
7/11/2014,1967.569946,0.001470922
7/14/2014,1977.099976,0.004843553
7/15/2014,1973.280029,-0.001932096
7/16/2014,1981.569946,0.004201085
7/17/2014,1958.119995,-0.011834026
7/18/2014,1978.219971,0.010264936
7/21/2014,1973.630005,-0.002320251
7/22/2014,1983.530029,0.00501615
7/23/2014,1987.01001,0.001754438
7/24/2014,1987.97998,0.000488156
7/25/2014,1978.339966,-0.00484915
7/28/2014,1978.910034,0.000288155
7/29/2014,1969.949951,-0.004527787
7/30/2014,1970.069946,6.09127E-05
7/31/2014,1930.670044,-0.01999924
8/1/2014,1925.150024,-0.002859121
8/4/2014,1938.98999,0.007189032
8/5/2014,1920.209961,-0.00968547
8/6/2014,1920.23999,1.56384E-05
8/7/2014,1909.569946,-0.00555662
8/8/2014,1931.589966,0.011531403
8/11/2014,1936.920044,0.002759425
8/12/2014,1933.75,-0.001636642
8/13/2014,1946.719971,0.00670716
8/14/2014,1955.180054,0.004345814
8/15/2014,1955.060059,-6.13729E-05
8/18/2014,1971.73999,0.008531672
8/19/2014,1981.599976,0.005000652
8/20/2014,1986.51001,0.002477813
8/21/2014,1992.369995,0.002949889
8/22/2014,1988.400024,-0.001992587
8/25/2014,1997.920044,0.004787779
8/26/2014,2000.02002,0.001051081
8/27/2014,2000.119995,4.9987E-05
8/28/2014,1996.73999,-0.001689901
8/29/2014,2003.369995,0.003320415
9/2/2014,2002.280029,-0.000544066
9/3/2014,2000.719971,-0.000779141
9/4/2014,1997.650024,-0.001534421
9/5/2014,2007.709961,0.005035886
9/8/2014,2001.540039,-0.003073114
9/9/2014,1988.439941,-0.006545009
9/10/2014,1995.689941,0.003646074
9/11/2014,1997.449951,0.000881906
9/12/2014,1985.540039,-0.005962558
9/15/2014,1984.130005,-0.000710151
9/16/2014,1998.97998,0.007484376
9/17/2014,2001.569946,0.001295644
9/18/2014,2011.359985,0.00489118
9/19/2014,2010.400024,-0.00047727
9/22/2014,1994.290039,-0.008013323
9/23/2014,1982.77002,-0.005776501
9/24/2014,1998.300049,0.007832491
9/25/2014,1965.98999,-0.016168773
9/26/2014,1982.849976,0.008575825
9/29/2014,1977.800049,-0.002546802
9/30/2014,1972.290039,-0.002785929
10/1/2014,1946.160034,-0.013248561
10/2/2014,1946.170044,5.14346E-06
10/3/2014,1967.900024,0.011165509
10/6/2014,1964.819946,-0.00156516
10/7/2014,1935.099976,-0.015126053
10/8/2014,1968.890015,0.01746165
10/9/2014,1928.209961,-0.020661415
10/10/2014,1906.130005,-0.011451012
10/13/2014,1874.73999,-0.01646793
10/14/2014,1877.699951,0.001578865
10/15/2014,1862.48999,-0.008100315
10/16/2014,1862.76001,0.000144978
10/17/2014,1886.76001,0.012884107
10/20/2014,1904.01001,0.009142657
10/21/2014,1941.280029,0.019574487
10/22/2014,1927.109985,-0.00729933
10/23/2014,1950.819946,0.012303377
10/24/2014,1964.579956,0.00705345
10/27/2014,1961.630005,-0.001501568
10/28/2014,1985.050049,0.011939073
10/29/2014,1982.300049,-0.001385355
10/30/2014,1994.650024,0.006230124
10/31/2014,2018.050049,0.011731394
11/3/2014,2017.810059,-0.000118922
11/4/2014,2012.099976,-0.002829842
11/5/2014,2023.569946,0.005700497
11/6/2014,2031.209961,0.003775513
11/7/2014,2031.920044,0.000349586
11/10/2014,2038.26001,0.003120185
11/11/2014,2039.680054,0.000696694
11/12/2014,2038.25,-0.000701117
11/13/2014,2039.329956,0.000529845
11/14/2014,2039.819946,0.00024027
11/17/2014,2041.319946,0.000735359
11/18/2014,2051.800049,0.005133984
11/19/2014,2048.719971,-0.001501159
11/20/2014,2052.75,0.001967096
11/21/2014,2063.5,0.005236877
11/24/2014,2069.409912,0.002864023
11/25/2014,2067.030029,-0.00115003
11/26/2014,2072.830078,0.002805982
11/28/2014,2067.560059,-0.002542427
12/1/2014,2053.439941,-0.006829363
12/2/2014,2066.550049,0.006384461
12/3/2014,2074.330078,0.003764743
12/4/2014,2071.919922,-0.001161896
12/5/2014,2075.370117,0.001665216
12/8/2014,2060.310059,-0.007256565
12/9/2014,2059.820068,-0.000237824
12/10/2014,2026.140015,-0.016350968
12/11/2014,2035.329956,0.004535689
12/12/2014,2002.329956,-0.016213587
12/15/2014,1989.630005,-0.006342587
12/16/2014,1972.73999,-0.008489023
12/17/2014,2012.890015,0.020352416
12/18/2014,2061.22998,0.024015204
12/19/2014,2070.649902,0.004570049
12/22/2014,2078.540039,0.003810464
12/23/2014,2082.169922,0.001746362
12/24/2014,2081.879883,-0.000139297
12/26/2014,2088.77002,0.003309575
12/29/2014,2090.570068,0.000861774
12/30/2014,2080.350098,-0.004888604
12/31/2014,2058.899902,-0.010310859
1/2/2015,2058.199951,-0.000339964
1/5/2015,2020.579956,-0.018278105
1/6/2015,2002.609985,-0.008893472
1/7/2015,2025.900024,0.011629843
1/8/2015,2062.139893,0.017888281
1/9/2015,2044.810059,-0.008403811
1/12/2015,2028.26001,-0.008093685
1/13/2015,2023.030029,-0.002578555
1/14/2015,2011.27002,-0.005813067
1/15/2015,1992.670044,-0.009247876
1/16/2015,2019.420044,0.013424199
1/20/2015,2022.550049,0.001549952
1/21/2015,2032.119995,0.004731624
1/22/2015,2063.149902,0.015269722
1/23/2015,2051.820068,-0.005491522
1/26/2015,2057.090088,0.002568461
1/27/2015,2029.550049,-0.013387862
1/28/2015,2002.160034,-0.01349561
1/29/2015,2021.25,0.009534685
1/30/2015,1994.98999,-0.012991965
2/2/2015,2020.849976,0.012962464
2/3/2015,2050.030029,0.014439495
2/4/2015,2041.51001,-0.004156046
2/5/2015,2062.52002,0.010291407
2/6/2015,2055.469971,-0.003418172
2/9/2015,2046.73999,-0.004247195
2/10/2015,2068.590088,0.010675561
2/11/2015,2068.530029,-2.90338E-05
2/12/2015,2088.47998,0.009644506
2/13/2015,2096.98999,0.004074739
2/17/2015,2100.340088,0.001597575
2/18/2015,2099.679932,-0.000314309
2/19/2015,2097.449951,-0.001062058
2/20/2015,2110.300049,0.006126534
2/23/2015,2109.659912,-0.000303339
2/24/2015,2115.47998,0.002758771
2/25/2015,2113.860107,-0.000765724
2/26/2015,2110.73999,-0.001476028
2/27/2015,2104.5,-0.002956304
3/2/2015,2117.389893,0.006124919
3/3/2015,2107.780029,-0.004538542
3/4/2015,2098.530029,-0.004388503
3/5/2015,2101.040039,0.00119608
3/6/2015,2071.26001,-0.014173946
3/9/2015,2079.429932,0.003944421
3/10/2015,2044.160034,-0.01696133
3/11/2015,2040.23999,-0.00191768
3/12/2015,2065.949951,0.01260144
3/13/2015,2053.399902,-0.006074711
3/16/2015,2081.189941,0.013533671
3/17/2015,2074.280029,-0.003320174
3/18/2015,2099.5,0.012158422
3/19/2015,2089.27002,-0.004872579
3/20/2015,2108.100098,0.009012755
3/23/2015,2104.419922,-0.001745731
3/24/2015,2091.5,-0.006139422
3/25/2015,2061.050049,-0.014558906
3/26/2015,2056.149902,-0.0023775
3/27/2015,2061.02002,0.002368562
3/30/2015,2086.23999,0.012236645
3/31/2015,2067.889893,-0.008795775
4/1/2015,2059.689941,-0.003965372
4/2/2015,2066.959961,0.003529667
4/6/2015,2080.620117,0.006608815
4/7/2015,2076.330078,-0.002061904
4/8/2015,2081.899902,0.002682533
4/9/2015,2091.179932,0.004457481
4/10/2015,2102.060059,0.005202865
4/13/2015,2092.429932,-0.004581281
4/14/2015,2095.840088,0.001629759
4/15/2015,2106.629883,0.005148196
4/16/2015,2104.98999,-0.000778444
4/17/2015,2081.179932,-0.011311245
4/20/2015,2100.399902,0.009235131
4/21/2015,2097.290039,-0.001480605
4/22/2015,2107.959961,0.00508748
4/23/2015,2112.929932,0.002357716
4/24/2015,2117.689941,0.0022528
4/27/2015,2108.919922,-0.004141314
4/28/2015,2114.76001,0.002769232
4/29/2015,2106.850098,-0.003740336
4/30/2015,2085.51001,-0.010128907
5/1/2015,2108.290039,0.010923002
5/4/2015,2114.48999,0.002940749
5/5/2015,2089.459961,-0.011837384
5/6/2015,2080.149902,-0.004455725
5/7/2015,2088,0.003773814
5/8/2015,2116.100098,0.013457901
5/11/2015,2105.330078,-0.005089561
5/12/2015,2099.120117,-0.002949638
5/13/2015,2098.47998,-0.000304955
5/14/2015,2121.100098,0.010779287
5/15/2015,2122.72998,0.000768414
5/18/2015,2129.199951,0.003047948
5/19/2015,2127.830078,-0.000643375
5/20/2015,2125.850098,-0.000930516
5/21/2015,2130.820068,0.002337874
5/22/2015,2126.060059,-0.002233886
5/26/2015,2104.199951,-0.01028198
5/27/2015,2123.47998,0.009162641
5/28/2015,2120.790039,-0.001266761
5/29/2015,2107.389893,-0.006318469
6/1/2015,2111.72998,0.002059461
6/2/2015,2109.600098,-0.001008596
6/3/2015,2114.070068,0.002118871
6/4/2015,2095.840088,-0.008623167
6/5/2015,2092.830078,-0.001436183
6/8/2015,2079.280029,-0.00647451
6/9/2015,2080.149902,0.000418353
6/10/2015,2105.199951,0.012042425
6/11/2015,2108.860107,0.001738626
6/12/2015,2094.110107,-0.0069943
6/15/2015,2084.429932,-0.004622572
6/16/2015,2096.290039,0.005689856
6/17/2015,2100.439941,0.001979641
6/18/2015,2121.23999,0.009902711
6/19/2015,2109.98999,-0.005303502
6/22/2015,2122.850098,0.006094867
6/23/2015,2124.199951,0.000635868
6/24/2015,2108.580078,-0.007353297
6/25/2015,2102.310059,-0.002973574
6/26/2015,2101.48999,-0.00039008
6/29/2015,2057.639893,-0.020866194
6/30/2015,2063.110107,0.002658489
7/1/2015,2077.419922,0.00693604
7/2/2015,2076.780029,-0.000308023
7/6/2015,2068.76001,-0.003861757
7/7/2015,2081.340088,0.006080975
7/8/2015,2046.680054,-0.016652749
7/9/2015,2051.310059,0.002262203
7/10/2015,2076.620117,0.012338485
7/13/2015,2099.600098,0.011066049
7/14/2015,2108.949951,0.004453159
7/15/2015,2107.399902,-0.000734986
7/16/2015,2124.290039,0.008014681
7/17/2015,2126.639893,0.001106183
7/20/2015,2128.280029,0.000771234
7/21/2015,2119.209961,-0.004261689
7/22/2015,2114.149902,-0.00238771
7/23/2015,2102.149902,-0.00567604
7/24/2015,2079.649902,-0.010703328
7/27/2015,2067.639893,-0.005775015
7/28/2015,2093.25,0.012386154
7/29/2015,2108.570068,0.007318795
7/30/2015,2108.629883,2.83676E-05
7/31/2015,2103.840088,-0.00227152
8/3/2015,2098.040039,-0.002756887
8/4/2015,2093.320068,-0.002249705
8/5/2015,2099.840088,0.003114679
8/6/2015,2083.560059,-0.007752985
8/7/2015,2077.570068,-0.002874883
8/10/2015,2104.179932,0.012808167
8/11/2015,2084.070068,-0.009557103
8/12/2015,2086.050049,0.000950055
8/13/2015,2083.389893,-0.001275212
8/14/2015,2091.540039,0.003911964
8/17/2015,2102.439941,0.005211424
8/18/2015,2096.919922,-0.00262553
8/19/2015,2079.610107,-0.008254877
8/20/2015,2035.72998,-0.02110017
8/21/2015,1970.890015,-0.031850965
8/24/2015,1893.209961,-0.039413693
8/25/2015,1867.609985,-0.013521995
8/26/2015,1940.51001,0.039033859
8/27/2015,1987.660034,0.024297748
8/28/2015,1988.869995,0.000608736
8/31/2015,1972.180054,-0.00839167
9/1/2015,1913.849976,-0.029576447
9/2/2015,1948.859985,0.018292975
9/3/2015,1951.130005,0.001164794
9/4/2015,1921.219971,-0.015329596
9/8/2015,1969.410034,0.025083053
9/9/2015,1942.040039,-0.01389756
9/10/2015,1952.290039,0.005277955
9/11/2015,1961.050049,0.004487043
9/14/2015,1953.030029,-0.004089656
9/15/2015,1978.089966,0.012831312
9/16/2015,1995.310059,0.008705414
9/17/2015,1990.199951,-0.00256106
9/18/2015,1958.030029,-0.016164166
9/21/2015,1966.969971,0.004565784
9/22/2015,1942.73999,-0.01231843
9/23/2015,1938.76001,-0.002048643
9/24/2015,1932.23999,-0.003362985
9/25/2015,1931.339966,-0.000465793
9/28/2015,1881.77002,-0.02566609
9/29/2015,1884.089966,0.001232853
9/30/2015,1920.030029,0.019075556
10/1/2015,1923.819946,0.001973884
10/2/2015,1951.359985,0.014315289
10/5/2015,1987.050049,0.018289841
10/6/2015,1979.920044,-0.003588236
10/7/2015,1995.829956,0.008035634
10/8/2015,2013.430054,0.008818436
10/9/2015,2014.890015,0.000725111
10/12/2015,2017.459961,0.001275477
10/13/2015,2003.689941,-0.006825424
10/14/2015,1994.23999,-0.004716274
10/15/2015,2023.859985,0.014852774
10/16/2015,2033.109985,0.004570474
10/19/2015,2033.660034,0.000270546
10/20/2015,2030.77002,-0.00142109
10/21/2015,2018.939941,-0.005825415
10/22/2015,2052.51001,0.016627572
10/23/2015,2075.149902,0.011030344
10/26/2015,2071.179932,-0.0019131
10/27/2015,2065.889893,-0.002554119
10/28/2015,2090.350098,0.011840033
10/29/2015,2089.409912,-0.000449774
10/30/2015,2079.360107,-0.004809877
11/2/2015,2104.050049,0.011873817
11/3/2015,2109.790039,0.002728067
11/4/2015,2102.310059,-0.003545367
11/5/2015,2099.929932,-0.001132148
11/6/2015,2099.199951,-0.000347622
11/9/2015,2078.580078,-0.009822729
11/10/2015,2081.719971,0.001510595
11/11/2015,2075,-0.003228086
11/12/2015,2045.969971,-0.013990375
11/13/2015,2023.040039,-0.011207365
11/16/2015,2053.189941,0.014903265
11/17/2015,2050.439941,-0.001339379
11/18/2015,2083.580078,0.016162452
11/19/2015,2081.23999,-0.001123109
11/20/2015,2089.169922,0.003810196
11/23/2015,2086.590088,-0.001234861
11/24/2015,2089.139893,0.001221996
11/25/2015,2088.870117,-0.000129133
11/27/2015,2090.110107,0.000593618
11/30/2015,2080.409912,-0.004640997
12/1/2015,2102.629883,0.010680574
12/2/2015,2079.51001,-0.010995693
12/3/2015,2049.620117,-0.014373527
12/4/2015,2091.689941,0.020525669
12/7/2015,2077.070068,-0.006989503
12/8/2015,2063.590088,-0.006489901
12/9/2015,2047.619995,-0.007738985
12/10/2015,2052.22998,0.002251387
12/11/2015,2012.369995,-0.019422767
12/14/2015,2021.939941,0.00475556
12/15/2015,2043.410034,0.010618561
12/16/2015,2073.070068,0.014514969
12/17/2015,2041.890015,-0.015040521
12/18/2015,2005.550049,-0.01779722
12/21/2015,2021.150024,0.007778402
12/22/2015,2038.969971,0.008816736
12/23/2015,2064.290039,0.012418068
12/24/2015,2060.98999,-0.001598636
12/28/2015,2056.5,-0.00217856
12/29/2015,2078.360107,0.010629763
12/30/2015,2063.360107,-0.007217229
12/31/2015,2043.939941,-0.009411913
1/4/2016,2012.660034,-0.015303731
1/5/2016,2016.709961,0.002012226
1/6/2016,1990.26001,-0.013115397
1/7/2016,1943.089966,-0.023700443
1/8/2016,1922.030029,-0.010838375
1/11/2016,1923.670044,0.000853272
1/12/2016,1938.680054,0.007802799
1/13/2016,1890.280029,-0.024965453
1/14/2016,1921.839966,0.016695906
1/15/2016,1880.329956,-0.021599098
1/19/2016,1881.329956,0.000531822
1/20/2016,1859.329956,-0.011693855
1/21/2016,1868.98999,0.005195438
1/22/2016,1906.900024,0.020283701
1/25/2016,1877.079956,-0.015637982
1/26/2016,1903.630005,0.014144336
1/27/2016,1882.949951,-0.010863484
1/28/2016,1893.359985,0.005528577
1/29/2016,1940.23999,0.024760217
2/1/2016,1939.380005,-0.000443236
2/2/2016,1903.030029,-0.018743091
2/3/2016,1912.530029,0.004992039
2/4/2016,1915.449951,0.001526733
2/5/2016,1880.050049,-0.018481246
2/8/2016,1853.439941,-0.014153936
2/9/2016,1852.209961,-0.00066362
2/10/2016,1851.859985,-0.000188951
2/11/2016,1829.079956,-0.012301162
2/12/2016,1864.780029,0.019518049
2/16/2016,1895.579956,0.016516654
2/17/2016,1926.819946,0.016480439
2/18/2016,1917.829956,-0.004665714
2/19/2016,1917.780029,-2.60331E-05
2/22/2016,1945.5,0.014454197
2/23/2016,1921.27002,-0.012454372
2/24/2016,1929.800049,0.004439787
2/25/2016,1951.699951,0.011348275
2/26/2016,1948.050049,-0.001870114
2/29/2016,1932.22998,-0.008120977
3/1/2016,1978.349976,0.023868792
3/2/2016,1986.449951,0.004094308
3/3/2016,1993.400024,0.003498741
3/4/2016,1999.98999,0.003305892
3/7/2016,2001.76001,0.000885014
3/8/2016,1979.26001,-0.011240109
3/9/2016,1989.26001,0.005052393
3/10/2016,1989.569946,0.000155805
3/11/2016,2022.189941,0.0163955
3/14/2016,2019.640015,-0.001260973
3/15/2016,2015.930054,-0.001836942
3/16/2016,2027.219971,0.005600352
3/17/2016,2040.589966,0.006595236
3/18/2016,2049.580078,0.004405644
3/21/2016,2051.600098,0.000985577
3/22/2016,2049.800049,-0.000877388
3/23/2016,2036.709961,-0.006386032
3/24/2016,2035.939941,-0.000378071
3/28/2016,2037.050049,0.000545256
3/29/2016,2055.01001,0.008816652
3/30/2016,2063.949951,0.004350315
3/31/2016,2059.73999,-0.002039759
4/1/2016,2072.780029,0.006330915
4/4/2016,2066.129883,-0.003208322
4/5/2016,2045.170044,-0.010144492
4/6/2016,2066.659912,0.010507619
4/7/2016,2041.910034,-0.011975787
4/8/2016,2047.599976,0.002786578
4/11/2016,2041.98999,-0.002739786
4/12/2016,2061.719971,0.009662134
4/13/2016,2082.419922,0.010040137
4/14/2016,2082.780029,0.000172927
4/15/2016,2080.72998,-0.000984285
4/18/2016,2094.340088,0.006541026
4/19/2016,2100.800049,0.003084485
4/20/2016,2102.399902,0.000761545
4/21/2016,2091.47998,-0.005194027
4/22/2016,2091.580078,4.78599E-05
4/25/2016,2087.790039,-0.001812046
4/26/2016,2091.699951,0.001872752
4/27/2016,2095.149902,0.001649353
4/28/2016,2075.810059,-0.009230768
4/29/2016,2065.300049,-0.005063088
5/2/2016,2081.429932,0.007809947
5/3/2016,2063.370117,-0.008676638
5/4/2016,2051.120117,-0.005936889
5/5/2016,2050.629883,-0.000239008
5/6/2016,2057.139893,0.003174639
5/9/2016,2058.689941,0.000753497
5/10/2016,2084.389893,0.012483644
5/11/2016,2064.459961,-0.009561518
5/12/2016,2064.110107,-0.000169465
5/13/2016,2046.609985,-0.008478289
5/16/2016,2066.659912,0.009796653
5/17/2016,2047.209961,-0.009411297
5/18/2016,2047.630005,0.000205179
5/19/2016,2040.040039,-0.003706708
5/20/2016,2052.320068,0.006019504
5/23/2016,2048.040039,-0.002085459
5/24/2016,2076.060059,0.013681383
5/25/2016,2090.540039,0.00697474
5/26/2016,2090.100098,-0.000210444
5/27/2016,2099.060059,0.004286857
5/31/2016,2096.949951,-0.001005263
6/1/2016,2099.330078,0.001135042
6/2/2016,2105.26001,0.002824678
6/3/2016,2099.129883,-0.002911815
6/6/2016,2109.409912,0.004897281
6/7/2016,2112.129883,0.001289446
6/8/2016,2119.120117,0.003309566
6/9/2016,2115.47998,-0.001717759
6/10/2016,2096.070068,-0.009175181
6/13/2016,2079.060059,-0.008115191
6/14/2016,2075.320068,-0.001798886
6/15/2016,2071.5,-0.001840713
6/16/2016,2077.98999,0.003132991
6/17/2016,2071.219971,-0.003257965
6/20/2016,2083.25,0.005808185
6/21/2016,2088.899902,0.002712061
6/22/2016,2085.449951,-0.001651564
6/23/2016,2113.320068,0.013364079
6/24/2016,2037.410034,-0.0359198
6/27/2016,2000.540039,-0.018096502
6/28/2016,2036.089966,0.017770165
6/29/2016,2070.77002,0.017032673
6/30/2016,2098.860107,0.013565044
7/1/2016,2102.949951,0.001948602
7/5/2016,2088.550049,-0.006847477
7/6/2016,2099.72998,0.005352963
7/7/2016,2097.899902,-0.000871578
7/8/2016,2129.899902,0.015253349
7/11/2016,2137.159912,0.003408616
7/12/2016,2152.139893,0.007009293
7/13/2016,2152.429932,0.000134768
7/14/2016,2163.75,0.005259204
7/15/2016,2161.73999,-0.000928947
7/18/2016,2166.889893,0.002382295
7/19/2016,2163.780029,-0.001435174
7/20/2016,2173.02002,0.004270301
7/21/2016,2165.169922,-0.003612529
7/22/2016,2175.030029,0.004553965
7/25/2016,2168.47998,-0.003011475
7/26/2016,2169.179932,0.000322785
7/27/2016,2166.580078,-0.001198542
7/28/2016,2170.060059,0.001606209
7/29/2016,2173.600098,0.001631309
8/1/2016,2170.840088,-0.001269787
8/2/2016,2157.030029,-0.00636162
8/3/2016,2163.790039,0.003133943
8/4/2016,2164.25,0.000212572
8/5/2016,2182.870117,0.008603496
8/8/2016,2180.889893,-0.000907165
8/9/2016,2181.73999,0.000389794
8/10/2016,2175.48999,-0.002864686
8/11/2016,2185.790039,0.004734588
8/12/2016,2184.050049,-0.000796046
8/15/2016,2190.149902,0.002792909
8/16/2016,2178.149902,-0.005479077
8/17/2016,2182.219971,0.00186859
8/18/2016,2187.02002,0.002199617
8/19/2016,2183.870117,-0.001440272
8/22/2016,2182.639893,-0.000563323
8/23/2016,2186.899902,0.001951769
8/24/2016,2175.439941,-0.005240277
8/25/2016,2172.469971,-0.001365227
8/26/2016,2169.040039,-0.001578817
8/29/2016,2180.379883,0.005228047
8/30/2016,2176.120117,-0.001953681
8/31/2016,2170.949951,-0.002375864
9/1/2016,2170.860107,-4.13846E-05
9/2/2016,2179.97998,0.004201041
9/6/2016,2186.47998,0.002981679
9/7/2016,2186.159912,-0.000146385
9/8/2016,2181.300049,-0.002223014
9/9/2016,2127.810059,-0.024522069
9/12/2016,2159.040039,0.014677053
9/13/2016,2127.02002,-0.014830674
9/14/2016,2125.77002,-0.000587677
9/15/2016,2147.26001,0.010109273
9/16/2016,2139.159912,-0.003772295
9/19/2016,2139.120117,-1.86031E-05
9/20/2016,2139.76001,0.000299138
9/21/2016,2163.120117,0.010917162
9/22/2016,2177.179932,0.006499785
9/23/2016,2164.689941,-0.005736775
9/26/2016,2146.100098,-0.008587762
9/27/2016,2159.929932,0.00644417
9/28/2016,2171.370117,0.005296554
9/29/2016,2151.129883,-0.009321411
9/30/2016,2168.27002,0.007967969
10/3/2016,2161.199951,-0.003260696
10/4/2016,2150.48999,-0.004955562
10/5/2016,2159.72998,0.004296691
10/6/2016,2160.77002,0.00048156
10/7/2016,2153.73999,-0.003253484
10/10/2016,2163.659912,0.004605905
10/11/2016,2136.72998,-0.012446472
10/12/2016,2139.179932,0.001146589
10/13/2016,2132.550049,-0.003099264
10/14/2016,2132.97998,0.000201604
10/17/2016,2126.5,-0.003037994
10/18/2016,2139.600098,0.006160403
10/19/2016,2144.290039,0.002191971
10/20/2016,2141.340088,-0.001375724
10/21/2016,2141.159912,-8.41417E-05
10/24/2016,2151.330078,0.00474984
10/25/2016,2143.159912,-0.003797728
10/26/2016,2139.429932,-0.001740411
10/27/2016,2133.040039,-0.002986727
10/28/2016,2126.409912,-0.003108299
10/31/2016,2126.149902,-0.000122277
11/1/2016,2111.719971,-0.006786883
11/2/2016,2097.939941,-0.006525501
11/3/2016,2088.659912,-0.004423401
11/4/2016,2085.179932,-0.001666131
11/7/2016,2131.52002,0.022223544
11/8/2016,2139.560059,0.003771974
11/9/2016,2163.26001,0.011077021
11/10/2016,2167.47998,0.001950746
11/11/2016,2164.449951,-0.00139795
11/14/2016,2164.199951,-0.000115503
11/15/2016,2180.389893,0.007480798
11/16/2016,2176.939941,-0.001582264
11/17/2016,2187.120117,0.00467637
11/18/2016,2181.899902,-0.002386798
11/21/2016,2198.179932,0.007461401
11/22/2016,2202.939941,0.002165432
11/23/2016,2204.719971,0.000808025
11/25/2016,2213.350098,0.003914387
11/28/2016,2201.719971,-0.005254536
11/29/2016,2204.659912,0.001335293
11/30/2016,2198.810059,-0.002653404
12/1/2016,2191.080078,-0.003515529
12/2/2016,2191.949951,0.000397006
12/5/2016,2204.709961,0.005821305
12/6/2016,2212.22998,0.003410888
12/7/2016,2241.350098,0.013163242
12/8/2016,2246.189941,0.002159343
12/9/2016,2259.530029,0.005938985
12/12/2016,2256.959961,-0.001137435
12/13/2016,2271.719971,0.006539775
12/14/2016,2253.280029,-0.008117172
12/15/2016,2262.030029,0.003883228
12/16/2016,2258.070068,-0.001750623
12/19/2016,2262.530029,0.001975121
12/20/2016,2270.76001,0.003637512
12/21/2016,2265.179932,-0.002457361
12/22/2016,2260.959961,-0.001862974
12/23/2016,2263.790039,0.001251715
12/27/2016,2268.879883,0.002248373
12/28/2016,2249.919922,-0.008356529
12/29/2016,2249.26001,-0.000293305
12/30/2016,2238.830078,-0.00463705
1/3/2017,2257.830078,0.008486575
1/4/2017,2270.75,0.005722274
1/5/2017,2269,-0.00077067
1/6/2017,2276.97998,0.003516959
1/9/2017,2268.899902,-0.003548594
1/10/2017,2268.899902,0
1/11/2017,2275.320068,0.002829638
1/12/2017,2270.439941,-0.002144809
1/13/2017,2274.639893,0.001849841
1/17/2017,2267.889893,-0.002967503
1/18/2017,2271.889893,0.001763754
1/19/2017,2263.689941,-0.003609309
1/20/2017,2271.310059,0.003366238
1/23/2017,2265.199951,-0.002690125
1/24/2017,2280.070068,0.006564594
1/25/2017,2298.370117,0.008026091
1/26/2017,2296.679932,-0.000735384
1/27/2017,2294.689941,-0.000866464
1/30/2017,2280.899902,-0.006009543
1/31/2017,2278.870117,-0.000889905
2/1/2017,2279.550049,0.000298364
2/2/2017,2280.850098,0.000570309
2/3/2017,2297.419922,0.007264758
2/6/2017,2292.560059,-0.002115357
2/7/2017,2293.080078,0.000226829
2/8/2017,2294.669922,0.000693322
2/9/2017,2307.870117,0.005752546
2/10/2017,2316.100098,0.00356605
2/13/2017,2328.25,0.005245845
2/14/2017,2337.580078,0.004007335
2/15/2017,2349.25,0.004992309
2/16/2017,2347.219971,-0.000864118
2/17/2017,2351.159912,0.001678556
2/21/2017,2365.379883,0.006048066
2/22/2017,2362.820068,-0.0010822
2/23/2017,2363.810059,0.000418987
2/24/2017,2367.340088,0.001493364
2/27/2017,2369.75,0.001017983
2/28/2017,2363.639893,-0.002578376
3/1/2017,2395.959961,0.013673855
3/2/2017,2381.919922,-0.00585988
3/3/2017,2383.120117,0.000503877
3/6/2017,2375.310059,-0.003277241
3/7/2017,2368.389893,-0.002913374
3/8/2017,2362.97998,-0.002284216
3/9/2017,2364.870117,0.000799895
3/10/2017,2372.600098,0.00326867
3/13/2017,2373.469971,0.000366633
3/14/2017,2365.449951,-0.003379027
3/15/2017,2385.26001,0.008374753
3/16/2017,2381.379883,-0.00162671
3/17/2017,2378.25,-0.001314315
3/20/2017,2373.469971,-0.002009893
3/21/2017,2344.02002,-0.012407973
3/22/2017,2348.449951,0.001889886
3/23/2017,2345.959961,-0.00106027
3/24/2017,2343.97998,-0.000843996
3/27/2017,2341.590088,-0.001019587
3/28/2017,2358.570068,0.007251474
3/29/2017,2361.129883,0.001085325
3/30/2017,2368.060059,0.00293511
3/31/2017,2362.719971,-0.002255048
4/3/2017,2358.840088,-0.001642126
4/4/2017,2360.159912,0.000559522
4/5/2017,2352.949951,-0.003054861
4/6/2017,2357.48999,0.001929509
4/7/2017,2355.540039,-0.00082713
4/10/2017,2357.159912,0.000687686
4/11/2017,2353.780029,-0.001433879
4/12/2017,2344.929932,-0.003759951
4/13/2017,2328.949951,-0.006814694
4/17/2017,2349.01001,0.008613349
4/18/2017,2342.189941,-0.00290338
4/19/2017,2338.169922,-0.001716351
4/20/2017,2355.840088,0.007557263
4/21/2017,2348.689941,-0.003035073
4/24/2017,2374.149902,0.010840069
4/25/2017,2388.610107,0.006090687
4/26/2017,2387.449951,-0.000485703
4/27/2017,2388.77002,0.00055292
4/28/2017,2384.199951,-0.001913147
5/1/2017,2388.330078,0.001732291
5/2/2017,2391.169922,0.00118905
5/3/2017,2388.129883,-0.001271361
5/4/2017,2389.52002,0.000582103
5/5/2017,2399.290039,0.004088695
5/8/2017,2399.379883,3.74461E-05
5/9/2017,2396.919922,-0.001025249
5/10/2017,2399.629883,0.001130601
5/11/2017,2394.439941,-0.002162809
5/12/2017,2390.899902,-0.001478441
5/15/2017,2402.320068,0.004776514
5/16/2017,2400.669922,-0.000686897
5/17/2017,2357.030029,-0.018178215
5/18/2017,2365.719971,0.003686819
5/19/2017,2381.72998,0.0067675
5/22/2017,2394.02002,0.005160132
5/23/2017,2398.419922,0.001837872
5/24/2017,2404.389893,0.002489127
5/25/2017,2415.070068,0.004441948
5/26/2017,2415.820068,0.00031055
5/30/2017,2412.909912,-0.001204624
5/31/2017,2411.800049,-0.000459969
6/1/2017,2430.060059,0.007571113
6/2/2017,2439.070068,0.003707731
6/5/2017,2436.100098,-0.001217665
6/6/2017,2429.330078,-0.00277904
6/7/2017,2433.139893,0.001568257
6/8/2017,2433.790039,0.000267205
6/9/2017,2431.77002,-0.000829989
6/12/2017,2429.389893,-0.000978763
6/13/2017,2440.350098,0.004511505
6/14/2017,2437.919922,-0.000995831
6/15/2017,2432.459961,-0.002239598
6/16/2017,2433.149902,0.000283639
6/19/2017,2453.459961,0.008347229
6/20/2017,2437.030029,-0.006696638
6/21/2017,2435.610107,-0.000582644
6/22/2017,2434.5,-0.000455782
6/23/2017,2438.300049,0.001560916
6/26/2017,2439.070068,0.000315802
6/27/2017,2419.379883,-0.008072825
6/28/2017,2440.689941,0.008808066
6/29/2017,2419.699951,-0.008600023
6/30/2017,2423.409912,0.001533232
7/3/2017,2429.01001,0.002310834
7/5/2017,2432.540039,0.001453279
7/6/2017,2409.75,-0.009368824
7/7/2017,2425.179932,0.006403126
7/10/2017,2427.429932,0.000927766
7/11/2017,2425.530029,-0.000782681
7/12/2017,2443.25,0.007305608
7/13/2017,2447.830078,0.001874584
7/14/2017,2459.27002,0.004673503
7/17/2017,2459.139893,-5.29129E-05
7/18/2017,2460.610107,0.000597857
7/19/2017,2473.830078,0.005372639
7/20/2017,2473.449951,-0.000153659
7/21/2017,2472.540039,-0.000367872
7/24/2017,2469.909912,-0.001063735
7/25/2017,2477.129883,0.002923172
7/26/2017,2477.830078,0.000282664
7/27/2017,2475.419922,-0.000972688
7/28/2017,2472.100098,-0.001341115
7/31/2017,2470.300049,-0.000728146
8/1/2017,2476.350098,0.002449115
8/2/2017,2477.570068,0.000492648
8/3/2017,2472.159912,-0.002183654
8/4/2017,2476.830078,0.001889104
8/7/2017,2480.909912,0.0016472
8/8/2017,2474.919922,-0.002414433
8/9/2017,2474.02002,-0.000363609
8/10/2017,2438.209961,-0.014474442
8/11/2017,2441.320068,0.00127557
8/14/2017,2465.840088,0.010043755
8/15/2017,2464.610107,-0.000498808
8/16/2017,2468.110107,0.001420103
8/17/2017,2430.01001,-0.015436952
8/18/2017,2425.550049,-0.001835367
8/21/2017,2428.370117,0.001162651
8/22/2017,2452.51001,0.00994078
8/23/2017,2444.040039,-0.003453593
8/24/2017,2438.969971,-0.002074462
8/25/2017,2443.050049,0.001672869
8/28/2017,2444.23999,0.000487072
8/29/2017,2446.300049,0.000842822
8/30/2017,2457.590088,0.004615149
8/31/2017,2471.649902,0.005720976
9/1/2017,2476.550049,0.001982541
9/5/2017,2457.850098,-0.007550807
9/6/2017,2465.540039,0.003128727
9/7/2017,2465.100098,-0.000178436
9/8/2017,2461.429932,-0.001488851
9/11/2017,2488.110107,0.010839299
9/12/2017,2496.47998,0.003363948
9/13/2017,2498.370117,0.000757121
9/14/2017,2495.620117,-0.001100718
9/15/2017,2500.22998,0.001847181
9/18/2017,2503.870117,0.001455921
9/19/2017,2506.649902,0.001110195
9/20/2017,2508.23999,0.000634348
9/21/2017,2500.600098,-0.003045917
9/22/2017,2502.219971,0.000647794
9/25/2017,2496.659912,-0.00222205
9/26/2017,2496.840088,7.21668E-05
9/27/2017,2507.040039,0.004085144
9/28/2017,2510.060059,0.001204616
9/29/2017,2519.360107,0.00370511
10/2/2017,2529.120117,0.003874004
10/3/2017,2534.580078,0.002158838
10/4/2017,2537.73999,0.00124672
10/5/2017,2552.070068,0.005646787
10/6/2017,2549.330078,-0.001073634
10/9/2017,2544.72998,-0.001804434
10/10/2017,2550.639893,0.002322413
10/11/2017,2555.23999,0.001803507
10/12/2017,2550.929932,-0.001686753
10/13/2017,2553.169922,0.000878107
10/16/2017,2557.639893,0.001750753
10/17/2017,2559.360107,0.000672579
10/18/2017,2561.26001,0.000742335
10/19/2017,2562.100098,0.000327998
10/20/2017,2575.209961,0.005116843
10/23/2017,2564.97998,-0.003972484
10/24/2017,2569.129883,0.001617909
10/25/2017,2557.149902,-0.00466305
10/26/2017,2560.399902,0.001270946
10/27/2017,2581.070068,0.008073022
10/30/2017,2572.830078,-0.00319247
10/31/2017,2575.26001,0.000944459
11/1/2017,2579.360107,0.00159211
11/2/2017,2579.850098,0.000189966
11/3/2017,2587.840088,0.003097075
11/6/2017,2591.129883,0.001271251
11/7/2017,2590.639893,-0.000189103
11/8/2017,2594.379883,0.001443655
11/9/2017,2584.620117,-0.003761888
11/10/2017,2582.300049,-0.000897644
11/13/2017,2584.840088,0.000983634
11/14/2017,2578.870117,-0.002309609
11/15/2017,2564.620117,-0.005525676
11/16/2017,2585.639893,0.008196058
11/17/2017,2578.850098,-0.002625963
11/20/2017,2582.139893,0.001275683
11/21/2017,2599.030029,0.006541139
11/22/2017,2597.080078,-0.000750261
11/24/2017,2602.419922,0.002056095
11/27/2017,2601.419922,-0.000384258
11/28/2017,2627.040039,0.009848513
11/29/2017,2626.070068,-0.000369226
11/30/2017,2647.580078,0.008190951
12/1/2017,2642.219971,-0.002024531
12/4/2017,2639.439941,-0.001052157
12/5/2017,2629.570068,-0.003739382
12/6/2017,2629.27002,-0.000114105
12/7/2017,2636.97998,0.002932358
12/8/2017,2651.5,0.005506306
12/11/2017,2659.98999,0.003201957
12/12/2017,2664.110107,0.001548922
12/13/2017,2662.850098,-0.000472957
12/14/2017,2652.01001,-0.004070859
12/15/2017,2675.810059,0.008974344
12/18/2017,2690.159912,0.005362807
12/19/2017,2681.469971,-0.003230269
12/20/2017,2679.25,-0.000827893
12/21/2017,2684.570068,0.001985656
12/22/2017,2683.340088,-0.000458166
12/26/2017,2680.5,-0.001058415
12/27/2017,2682.620117,0.000790941
12/28/2017,2687.540039,0.001833999
12/29/2017,2673.610107,-0.005183153
1/2/2018,2695.810059,0.008303362
1/3/2018,2713.060059,0.006398819
1/4/2018,2723.98999,0.004028636
1/5/2018,2743.149902,0.007033767
1/8/2018,2747.709961,0.001662344
1/9/2018,2751.290039,0.001302932
1/10/2018,2748.22998,-0.001112227
1/11/2018,2767.560059,0.007033647
1/12/2018,2786.23999,0.006749603
1/16/2018,2776.419922,-0.003524487
1/17/2018,2802.560059,0.009415052
1/18/2018,2798.030029,-0.00161639
1/19/2018,2810.300049,0.004385235
1/22/2018,2832.969971,0.008066727
1/23/2018,2839.129883,0.002174365
1/24/2018,2837.540039,-0.000559976
1/25/2018,2839.25,0.000602621
1/26/2018,2872.870117,0.011841196
1/29/2018,2853.530029,-0.006731974
1/30/2018,2822.429932,-0.010898815
1/31/2018,2823.810059,0.000488985
2/1/2018,2821.97998,-0.000648089
2/2/2018,2762.129883,-0.021208548
2/5/2018,2648.939941,-0.040979225
2/6/2018,2695.139893,0.017440921
2/7/2018,2681.659912,-0.005001589
2/8/2018,2581,-0.03753642
2/9/2018,2619.550049,0.01493609
2/12/2018,2656,0.013914585
2/13/2018,2662.939941,0.00261293
2/14/2018,2698.629883,0.013402458
2/15/2018,2731.199951,0.012069113
2/16/2018,2732.219971,0.00037347
2/20/2018,2716.26001,-0.005841389
2/21/2018,2701.330078,-0.005496503
2/22/2018,2703.959961,0.000973551
2/23/2018,2747.300049,0.016028376
2/26/2018,2779.600098,0.011757015
2/27/2018,2744.280029,-0.012706889
2/28/2018,2713.830078,-0.011095789
3/1/2018,2677.669922,-0.013324399
3/2/2018,2691.25,0.005071603
3/5/2018,2720.939941,0.011032026
3/6/2018,2728.120117,0.002638859
3/7/2018,2726.800049,-0.000483875
3/8/2018,2738.969971,0.004463078
3/9/2018,2786.570068,0.017378831
3/12/2018,2783.02002,-0.001273985
3/13/2018,2765.310059,-0.006363577
3/14/2018,2749.47998,-0.005724522
3/15/2018,2747.330078,-0.00078193
3/16/2018,2752.01001,0.001703447
3/19/2018,2712.919922,-0.014204195
3/20/2018,2716.939941,0.001481805
3/21/2018,2711.929932,-0.00184399
3/22/2018,2643.689941,-0.025162889
3/23/2018,2588.26001,-0.02096688
3/26/2018,2658.550049,0.027157256
3/27/2018,2612.620117,-0.017276309
3/28/2018,2605,-0.002916657
3/29/2018,2640.870117,0.013769719
4/2/2018,2581.879883,-0.022337423
4/3/2018,2614.449951,0.012614866
4/4/2018,2644.689941,0.011566483
4/5/2018,2662.840088,0.006862864
4/6/2018,2604.469971,-0.021920249
4/9/2018,2613.159912,0.003336549
4/10/2018,2656.870117,0.016726954
4/11/2018,2642.189941,-0.005525365
4/12/2018,2663.98999,0.00825075
4/13/2018,2656.300049,-0.002886625
4/16/2018,2677.840088,0.008109038
4/17/2018,2706.389893,0.010661505
4/18/2018,2708.639893,0.000831366
4/19/2018,2693.129883,-0.005726125
4/20/2018,2670.139893,-0.008536532
4/23/2018,2670.290039,5.62315E-05
4/24/2018,2634.560059,-0.013380561
4/25/2018,2639.399902,0.001837059
4/26/2018,2666.939941,0.010434205
4/27/2018,2669.909912,0.001113625
4/30/2018,2648.050049,-0.008187491
5/1/2018,2654.800049,0.002549045
5/2/2018,2635.669922,-0.007205864
5/3/2018,2629.72998,-0.002253674
5/4/2018,2663.419922,0.012811179
5/7/2018,2672.629883,0.003457946
5/8/2018,2671.919922,-0.000265641
5/9/2018,2697.790039,0.00968222
5/10/2018,2723.070068,0.009370644
5/11/2018,2727.719971,0.001707596
5/14/2018,2730.129883,0.00088349
5/15/2018,2711.449951,-0.00684214
5/16/2018,2722.459961,0.004060562
5/17/2018,2720.129883,-0.000855872
5/18/2018,2712.969971,-0.002632195
5/21/2018,2733.01001,0.007386753
5/22/2018,2724.439941,-0.003135762
5/23/2018,2733.290039,0.00324841
5/24/2018,2727.76001,-0.002023213
5/25/2018,2721.330078,-0.002357221
5/29/2018,2689.860107,-0.011564187
5/30/2018,2724.01001,0.012695791
5/31/2018,2705.27002,-0.00687956
6/1/2018,2734.620117,0.01084923
6/4/2018,2746.870117,0.004479598
6/5/2018,2748.800049,0.000702593
6/6/2018,2772.350098,0.008567393
6/7/2018,2770.370117,-0.000714189
6/8/2018,2779.030029,0.003125904
6/11/2018,2782,0.001068708
6/12/2018,2786.850098,0.001743385
6/13/2018,2775.629883,-0.004026128
6/14/2018,2782.48999,0.00247155
6/15/2018,2779.659912,-0.001017103
6/18/2018,2773.75,-0.002126128
6/19/2018,2762.590088,-0.004023402
6/20/2018,2767.320068,0.001712154
6/21/2018,2749.76001,-0.00634551
6/22/2018,2754.879883,0.001861934
6/25/2018,2717.070068,-0.013724669
6/26/2018,2723.060059,0.002204577
6/27/2018,2699.629883,-0.008604355
6/28/2018,2716.310059,0.00617869
6/29/2018,2718.370117,0.000758403
7/2/2018,2726.709961,0.003067958
7/3/2018,2713.219971,-0.004947351
7/5/2018,2736.610107,0.008620803
7/6/2018,2759.820068,0.008481282
7/9/2018,2784.169922,0.008822986
7/10/2018,2793.840088,0.003473267
7/11/2018,2774.02002,-0.007094203
7/12/2018,2798.290039,0.008749042
7/13/2018,2801.310059,0.001079238
7/16/2018,2798.429932,-0.001028136
7/17/2018,2809.550049,0.003973699
7/18/2018,2815.620117,0.002160512
7/19/2018,2804.48999,-0.003952993
7/20/2018,2801.830078,-0.000948448
7/23/2018,2806.97998,0.001838049
7/24/2018,2820.399902,0.004780911
7/25/2018,2846.070068,0.009101605
7/26/2018,2837.439941,-0.003032296
7/27/2018,2818.820068,-0.006562209
7/30/2018,2802.600098,-0.00575417
7/31/2018,2816.290039,0.004884729
8/1/2018,2813.360107,-0.001040352
8/2/2018,2827.219971,0.004926445
8/3/2018,2840.350098,0.004644183
8/6/2018,2850.399902,0.003538227
8/7/2018,2858.449951,0.002824182
8/8/2018,2857.699951,-0.00026238
8/9/2018,2853.580078,-0.001441674
8/10/2018,2833.280029,-0.007113888
8/13/2018,2821.929932,-0.004005992
8/14/2018,2839.959961,0.006389255
8/15/2018,2818.370117,-0.007602165
8/16/2018,2840.689941,0.007919408
8/17/2018,2850.129883,0.003323116
8/20/2018,2857.050049,0.002428018
8/21/2018,2862.959961,0.002068536
8/22/2018,2861.820068,-0.000398152
8/23/2018,2856.97998,-0.001691262
8/24/2018,2874.689941,0.00619884
8/27/2018,2896.73999,0.007670409
8/28/2018,2897.52002,0.000269279
8/29/2018,2914.040039,0.005701434
8/30/2018,2901.129883,-0.004430329
8/31/2018,2901.52002,0.000134478
9/4/2018,2896.719971,-0.001654322
9/5/2018,2888.600098,-0.002803127
9/6/2018,2878.050049,-0.003652305
9/7/2018,2871.679932,-0.002213345
9/10/2018,2877.129883,0.001897827
9/11/2018,2887.889893,0.003739842
9/12/2018,2888.919922,0.000356672
9/13/2018,2904.179932,0.005282254
9/14/2018,2904.97998,0.000275482
9/17/2018,2888.800049,-0.005569722
9/18/2018,2904.310059,0.005369015
9/19/2018,2907.949951,0.001253273
9/20/2018,2930.75,0.007840592
9/21/2018,2929.669922,-0.000368533
9/24/2018,2919.370117,-0.003515688
9/25/2018,2915.560059,-0.001305096
9/26/2018,2905.969971,-0.003289278
9/27/2018,2914,0.002763287
9/28/2018,2913.97998,-6.87028E-06
10/1/2018,2924.590088,0.003641105
10/2/2018,2923.429932,-0.00039669
10/3/2018,2925.51001,0.00071152
10/4/2018,2901.610107,-0.008169483
10/5/2018,2885.570068,-0.005527979
10/8/2018,2884.429932,-0.000395116
10/9/2018,2880.340088,-0.001417904
10/10/2018,2785.679932,-0.032864229
10/11/2018,2728.370117,-0.020573008
10/12/2018,2767.129883,0.014206198
10/15/2018,2750.790039,-0.005904979
10/16/2018,2809.919922,0.0214956
10/17/2018,2809.209961,-0.000252662
10/18/2018,2768.780029,-0.014391922
10/19/2018,2767.780029,-0.00036117
10/22/2018,2755.879883,-0.004299527
10/23/2018,2740.689941,-0.00551183
10/24/2018,2656.100098,-0.030864434
10/25/2018,2705.570068,0.01862504
10/26/2018,2658.689941,-0.017327264
10/29/2018,2641.25,-0.006559599
10/30/2018,2682.629883,0.01566678
10/31/2018,2711.73999,0.010851332
11/1/2018,2740.370117,0.010557844
11/2/2018,2723.060059,-0.006316686
11/5/2018,2738.310059,0.005600317
11/6/2018,2755.449951,0.006259296
11/7/2018,2813.889893,0.021208856
11/8/2018,2806.830078,-0.002508917
11/9/2018,2781.01001,-0.009199014
11/12/2018,2726.219971,-0.019701489
11/13/2018,2722.179932,-0.00148192
11/14/2018,2701.580078,-0.007567411
11/15/2018,2730.199951,0.010593753
11/16/2018,2736.27002,0.002223306
11/19/2018,2690.72998,-0.016643109
11/20/2018,2641.889893,-0.018151241
11/21/2018,2649.929932,0.003043291
11/23/2018,2632.560059,-0.006554842
11/26/2018,2673.449951,0.015532368
11/27/2018,2682.169922,0.003261692
11/28/2018,2743.790039,0.02297398
11/29/2018,2737.800049,-0.002183108
11/30/2018,2760.169922,0.008170748
12/3/2018,2790.370117,0.010941426
12/4/2018,2700.060059,-0.032364903
12/6/2018,2695.949951,-0.001522228
12/7/2018,2633.080078,-0.023320119
12/10/2018,2637.719971,0.001762154
12/11/2018,2636.780029,-0.000356346
12/12/2018,2651.070068,0.005419504
12/13/2018,2650.540039,-0.00019993
12/14/2018,2599.949951,-0.01908671
12/17/2018,2545.939941,-0.020773481
12/18/2018,2546.159912,8.64007E-05
12/19/2018,2506.959961,-0.015395714
12/20/2018,2467.419922,-0.015772106
12/21/2018,2416.620117,-0.020588228
12/24/2018,2351.100098,-0.027112254
12/26/2018,2467.699951,0.049593743
12/27/2018,2488.830078,0.008562681
12/28/2018,2485.73999,-0.001241583
12/31/2018,2506.850098,0.008492484
1/2/2019,2510.030029,0.001268497
1/3/2019,2447.889893,-0.02475673
1/4/2019,2531.939941,0.034335714
1/7/2019,2549.689941,0.007010435
1/8/2019,2574.409912,0.009695285
1/9/2019,2584.959961,0.004098046
1/10/2019,2596.639893,0.004518419
1/11/2019,2596.26001,-0.000146298
1/14/2019,2582.610107,-0.005257525
1/15/2019,2610.300049,0.010721689
1/16/2019,2616.100098,0.002221986
1/17/2019,2635.959961,0.0075914
1/18/2019,2670.709961,0.013183053
1/22/2019,2632.899902,-0.014157306
1/23/2019,2638.699951,0.002202913
1/24/2019,2642.330078,0.001375726
1/25/2019,2664.76001,0.008488694
1/28/2019,2643.850098,-0.007846827
1/29/2019,2640,-0.001456247
1/30/2019,2681.050049,0.015549261
1/31/2019,2704.100098,0.008597396
2/1/2019,2706.530029,0.00089861
2/4/2019,2724.870117,0.006776237
2/5/2019,2737.699951,0.00470842
2/6/2019,2731.610107,-0.002224438
2/7/2019,2706.050049,-0.00935714
2/8/2019,2707.879883,0.000676201
2/11/2019,2709.800049,0.000709103
2/12/2019,2744.72998,0.012890225
2/13/2019,2753.030029,0.003023995
2/14/2019,2745.72998,-0.002651642
2/15/2019,2775.600098,0.010878753
2/19/2019,2779.76001,0.001498743
2/20/2019,2784.699951,0.001777111
2/21/2019,2774.879883,-0.003526437
2/22/2019,2792.669922,0.006411102
2/25/2019,2796.110107,0.001231862
2/26/2019,2793.899902,-0.000790457
2/27/2019,2792.379883,-0.000544049
2/28/2019,2784.48999,-0.002825508
3/1/2019,2803.689941,0.006895321
3/4/2019,2792.810059,-0.003880558
3/5/2019,2789.649902,-0.001131533
3/6/2019,2771.449951,-0.006524099
3/7/2019,2748.929932,-0.008125717
3/8/2019,2743.070068,-0.002131689
3/11/2019,2783.300049,0.014666042
3/12/2019,2791.52002,0.002953318
3/13/2019,2810.919922,0.006949584
3/14/2019,2808.47998,-0.000868023
3/15/2019,2822.47998,0.004984903
3/18/2019,2832.939941,0.003705947
3/19/2019,2832.570068,-0.000130562
3/20/2019,2824.22998,-0.002944354
3/21/2019,2854.879883,0.010852481
3/22/2019,2800.709961,-0.018974501
3/25/2019,2798.360107,-0.000839021
3/26/2019,2818.459961,0.007182726
3/27/2019,2805.370117,-0.004644325
3/28/2019,2815.439941,0.003589481
3/29/2019,2834.399902,0.00673428
4/1/2019,2867.189941,0.0115686
4/2/2019,2867.23999,1.74558E-05
4/3/2019,2873.399902,0.002148377
4/4/2019,2879.389893,0.002084635
4/5/2019,2892.73999,0.004636433
4/8/2019,2895.77002,0.00104746
4/9/2019,2878.199951,-0.006067495
4/10/2019,2888.209961,0.003477872
4/11/2019,2888.320068,3.81229E-05
4/12/2019,2907.409912,0.006609324
4/15/2019,2905.580078,-0.000629369
4/16/2019,2907.060059,0.000509358
4/17/2019,2900.449951,-0.002273812
4/18/2019,2905.030029,0.001579092
4/22/2019,2907.969971,0.001012018
4/23/2019,2933.679932,0.008841206
4/24/2019,2927.25,-0.002191763
4/25/2019,2926.169922,-0.000368974
4/26/2019,2939.879883,0.004685292
4/29/2019,2943.030029,0.001071522
4/30/2019,2945.830078,0.000951417
5/1/2019,2923.72998,-0.007502163
5/2/2019,2917.52002,-0.002123985
5/3/2019,2945.639893,0.009638279
5/6/2019,2932.469971,-0.004470988
5/7/2019,2884.050049,-0.016511651
5/8/2019,2879.419922,-0.001605425
5/9/2019,2870.719971,-0.003021425
5/10/2019,2881.399902,0.003720297
5/13/2019,2811.870117,-0.024130557
5/14/2019,2834.409912,0.008015945
5/15/2019,2850.959961,0.005838975
5/16/2019,2876.320068,0.008895287
5/17/2019,2859.530029,-0.005837333
5/20/2019,2840.22998,-0.006749378
5/21/2019,2864.360107,0.008495836
5/22/2019,2856.27002,-0.002824396
5/23/2019,2822.23999,-0.01191415
5/24/2019,2826.060059,0.001353559
5/28/2019,2802.389893,-0.008375677
5/29/2019,2783.02002,-0.006911912
5/30/2019,2788.860107,0.002098471
5/31/2019,2752.060059,-0.013195373
6/3/2019,2744.449951,-0.002765241
6/4/2019,2803.27002,0.021432371
6/5/2019,2826.149902,0.008161854
6/6/2019,2843.48999,0.006135587
6/7/2019,2873.340088,0.010497698
6/10/2019,2886.72998,0.004660044
6/11/2019,2885.719971,-0.00034988
6/12/2019,2879.840088,-0.002037579
6/13/2019,2891.639893,0.004097382
6/14/2019,2886.97998,-0.001611512
6/17/2019,2889.669922,0.000931749
6/18/2019,2917.75,0.0097174
6/19/2019,2926.459961,0.002985164
6/20/2019,2954.179932,0.009472185
6/21/2019,2950.459961,-0.001259223
6/24/2019,2945.350098,-0.001731887
6/25/2019,2917.379883,-0.009496397
6/26/2019,2913.780029,-0.001233934
6/27/2019,2924.919922,0.003823176
6/28/2019,2941.76001,0.005757453
7/1/2019,2964.330078,0.007672301
7/2/2019,2973.01001,0.002928126
7/3/2019,2995.820068,0.007672378
7/5/2019,2990.409912,-0.001805902
7/8/2019,2975.949951,-0.004835444
7/9/2019,2979.629883,0.001236557
7/10/2019,2993.070068,0.004510689
7/11/2019,2999.909912,0.002285227
7/12/2019,3013.77002,0.004620175
7/15/2019,3014.300049,0.000175869
7/16/2019,3004.040039,-0.003403779
7/17/2019,2984.419922,-0.006531244
7/18/2019,2995.110107,0.003581998
7/19/2019,2976.610107,-0.006176735
7/22/2019,2985.030029,0.002828695
7/23/2019,3005.469971,0.006847483
7/24/2019,3019.560059,0.004688148
7/25/2019,3003.669922,-0.005262401
7/26/2019,3025.860107,0.007387691
7/29/2019,3020.969971,-0.001616114
7/30/2019,3013.179932,-0.002578655
7/31/2019,2980.379883,-0.010885526
8/1/2019,2953.560059,-0.008998794
8/2/2019,2932.050049,-0.00728274
8/5/2019,2844.73999,-0.02977782
8/6/2019,2881.77002,0.013017017
8/7/2019,2883.97998,0.000766876
8/8/2019,2938.090088,0.018762304
8/9/2019,2918.649902,-0.006616607
8/12/2019,2882.699951,-0.012317322
8/13/2019,2926.320068,0.015131688
8/14/2019,2840.600098,-0.029292753
8/15/2019,2847.600098,0.002464268
8/16/2019,2888.679932,0.014426125
8/19/2019,2923.649902,0.012105865
8/20/2019,2900.51001,-0.007914727
8/21/2019,2924.429932,0.008246799
8/22/2019,2922.949951,-0.000506075
8/23/2019,2847.110107,-0.025946337
8/26/2019,2878.379883,0.010982988
8/27/2019,2869.159912,-0.003203181
8/28/2019,2887.939941,0.00654548
8/29/2019,2924.580078,0.012687292
8/30/2019,2926.459961,0.000642787
9/3/2019,2906.27002,-0.0068991
9/4/2019,2937.780029,0.010842079
9/5/2019,2976,0.013009814
9/6/2019,2978.709961,0.000910605
9/9/2019,2978.429932,-9.40102E-05
9/10/2019,2979.389893,0.000322304
9/11/2019,3000.929932,0.007229681
9/12/2019,3009.570068,0.002879153
9/13/2019,3007.389893,-0.000724414
9/16/2019,2997.959961,-0.003135587
9/17/2019,3005.699951,0.002581752
9/18/2019,3006.72998,0.000342692
9/19/2019,3006.790039,1.99749E-05
9/20/2019,2992.070068,-0.004895577
9/23/2019,2991.780029,-9.69359E-05
9/24/2019,2966.600098,-0.008416371
9/25/2019,2984.870117,0.006158572
9/26/2019,2977.620117,-0.002428916
9/27/2019,2961.790039,-0.005316352
9/30/2019,2976.73999,0.005047607
10/1/2019,2940.25,-0.012258373
10/2/2019,2887.610107,-0.017903203
10/3/2019,2910.629883,0.007971913
10/4/2019,2952.01001,0.014216898
10/7/2019,2938.790039,-0.004478295
10/8/2019,2893.060059,-0.015560819
10/9/2019,2919.399902,0.009104492
10/10/2019,2938.129883,0.006415696
10/11/2019,2970.27002,0.010938978
10/14/2019,2966.149902,-0.001387119
10/15/2019,2995.679932,0.009955677
10/16/2019,2989.689941,-0.001999543
10/17/2019,2997.949951,0.002762832
10/18/2019,2986.199951,-0.003919345
10/21/2019,3006.719971,0.006871616
10/22/2019,2995.98999,-0.003568667
10/23/2019,3004.52002,0.002847149
10/24/2019,3010.290039,0.001920446
10/25/2019,3022.550049,0.004072701
10/28/2019,3039.419922,0.005581338
10/29/2019,3036.889893,-0.000832405
10/30/2019,3046.77002,0.00325337
10/31/2019,3037.560059,-0.003022861
11/1/2019,3066.909912,0.009662312
11/4/2019,3078.27002,0.003704089
11/5/2019,3074.620117,-0.001185699
11/6/2019,3076.780029,0.000702497
11/7/2019,3085.179932,0.002730095
11/8/2019,3093.080078,0.002560676
11/11/2019,3087.01001,-0.001962467
11/12/2019,3091.840088,0.001564646
11/13/2019,3094.040039,0.000711535
11/14/2019,3096.629883,0.000837043
11/15/2019,3120.459961,0.007695488
11/18/2019,3122.030029,0.000503153
11/19/2019,3120.179932,-0.000592594
11/20/2019,3108.459961,-0.003756184
11/21/2019,3103.540039,-0.001582752
11/22/2019,3110.290039,0.002174936
11/25/2019,3133.639893,0.007507292
11/26/2019,3140.52002,0.00219557
11/27/2019,3153.629883,0.004174424
11/29/2019,3140.97998,-0.00401122
12/2/2019,3113.870117,-0.008631021
12/3/2019,3093.199951,-0.006638095
12/4/2019,3112.76001,0.006323568
12/5/2019,3117.429932,0.001500251
12/6/2019,3145.909912,0.009135724
12/9/2019,3135.959961,-0.003162821
12/10/2019,3132.52002,-0.001096934
12/11/2019,3141.629883,0.002908158
12/12/2019,3168.570068,0.008575226
12/13/2019,3168.800049,7.2582E-05
12/16/2019,3191.449951,0.007147785
12/17/2019,3192.52002,0.000335292
12/18/2019,3191.139893,-0.0004323
12/19/2019,3205.370117,0.004459292
12/20/2019,3221.219971,0.004944781
12/23/2019,3224.01001,0.000866144
12/24/2019,3223.379883,-0.000195448
12/26/2019,3239.909912,0.005128167
12/27/2019,3240.02002,3.39849E-05
12/30/2019,3221.290039,-0.005780823
12/31/2019,3230.780029,0.002946022
1/2/2020,3257.850098,0.008378803
1/3/2020,3234.850098,-0.007059871
1/6/2020,3246.280029,0.003533373
1/7/2020,3237.179932,-0.002803238
1/8/2020,3253.050049,0.004902451
1/9/2020,3274.699951,0.006655262
1/10/2020,3265.350098,-0.002855179
1/13/2020,3288.129883,0.006976215
1/14/2020,3283.149902,-0.001514533
1/15/2020,3289.290039,0.001870197
1/16/2020,3316.810059,0.008366553
1/17/2020,3329.620117,0.003862162
1/21/2020,3320.790039,-0.002651978
1/22/2020,3321.75,0.000289076
1/23/2020,3325.540039,0.001140977
1/24/2020,3295.469971,-0.009042161
1/27/2020,3243.629883,-0.015730712
1/28/2020,3276.23999,0.010053584
1/29/2020,3273.399902,-0.000866874
1/30/2020,3283.659912,0.003134359
1/31/2020,3225.52002,-0.01770582
2/3/2020,3248.919922,0.007254614
2/4/2020,3297.590088,0.014980414
2/5/2020,3334.689941,0.011250596
2/6/2020,3345.780029,0.003325673
2/7/2020,3327.709961,-0.005400854
2/10/2020,3352.090088,0.007326398
2/11/2020,3357.75,0.001688473
2/12/2020,3379.449951,0.006462646
2/13/2020,3373.939941,-0.001630446
2/14/2020,3380.159912,0.001843533
2/18/2020,3370.290039,-0.002919943
2/19/2020,3386.149902,0.004705786
2/20/2020,3373.22998,-0.00381552
2/21/2020,3337.75,-0.010518103
2/24/2020,3225.889893,-0.033513627
2/25/2020,3128.209961,-0.030279996
2/26/2020,3116.389893,-0.00377854
2/27/2020,2978.76001,-0.044163243
2/28/2020,2954.219971,-0.00823834
3/2/2020,3090.22998,0.046039229
3/3/2020,3003.370117,-0.028107896
3/4/2020,3130.120117,0.042202591
3/5/2020,3023.939941,-0.033922077
3/6/2020,2972.370117,-0.017053852
3/9/2020,2746.560059,-0.075969697
3/10/2020,2882.22998,0.049396306
3/11/2020,2741.379883,-0.048868445
3/12/2020,2480.639893,-0.095112681
3/13/2020,2711.02002,0.09287125
3/16/2020,2386.129883,-0.119840552
3/17/2020,2529.189941,0.059954849
3/18/2020,2398.100098,-0.051830762
3/19/2020,2409.389893,0.004707808
3/20/2020,2304.919922,-0.043359512
3/23/2020,2237.399902,-0.029293868
3/24/2020,2447.330078,0.09382774
3/25/2020,2475.560059,0.011535012
3/26/2020,2630.070068,0.062414163
3/27/2020,2541.469971,-0.033687352
3/30/2020,2626.649902,0.033516009
3/31/2020,2584.590088,-0.016012722
4/1/2020,2470.5,-0.04414243
4/2/2020,2526.899902,0.022829347
4/3/2020,2488.649902,-0.015137125
4/6/2020,2663.679932,0.070331319
4/7/2020,2659.409912,-0.001603053
4/8/2020,2749.97998,0.034056453
4/9/2020,2789.820068,0.01448741
4/13/2020,2761.629883,-0.010104661
4/14/2020,2846.060059,0.030572589
4/15/2020,2783.360107,-0.022030439
4/16/2020,2799.550049,0.00581669
4/17/2020,2874.560059,0.026793595
4/20/2020,2823.159912,-0.017881048
4/21/2020,2736.560059,-0.030674796
4/22/2020,2799.310059,0.022930248
4/23/2020,2797.800049,-0.000539422
4/24/2020,2836.73999,0.013918057
4/27/2020,2878.47998,0.01471407
4/28/2020,2863.389893,-0.00524238
4/29/2020,2939.51001,0.026583916
4/30/2020,2912.429932,-0.009212446
5/1/2020,2830.709961,-0.028059034
5/4/2020,2842.73999,0.004249827
5/5/2020,2868.439941,0.009040556
5/6/2020,2848.419922,-0.00697941
5/7/2020,2881.189941,0.011504631
5/8/2020,2929.800049,0.016871539
5/11/2020,2930.189941,0.000133078
5/12/2020,2870.120117,-0.020500317
5/13/2020,2820,-0.017462725
5/14/2020,2852.5,0.011524823
5/15/2020,2863.699951,0.003926363
5/18/2020,2953.909912,0.031501192
5/19/2020,2922.939941,-0.010484399
5/20/2020,2971.610107,0.0166511
5/21/2020,2948.51001,-0.007773596
5/22/2020,2955.449951,0.002353711
5/26/2020,2991.77002,0.012289184
5/27/2020,3036.129883,0.014827297
5/28/2020,3029.72998,-0.002107915
5/29/2020,3044.310059,0.004812336
6/1/2020,3055.72998,0.003751235
6/2/2020,3080.820068,0.008210833
6/3/2020,3122.870117,0.013648979
6/4/2020,3112.350098,-0.003368702
6/5/2020,3193.929932,0.026211651
6/8/2020,3232.389893,0.012041579
6/9/2020,3207.179932,-0.007799171
6/10/2020,3190.139893,-0.005313091
6/11/2020,3002.100098,-0.058944059
6/12/2020,3041.310059,0.013060844
